[1542.850][20:57:25 04.09.2026][Setup][INFO] Setup done
[2355.500][20:58:49 04.09.2026][Setup][INFO] Setup done
[1198.600][10:32:05 05.09.2026][Main][INFO] Connected to EMCU {
  computer_id = 1,
  device_name = "EMCU",
  latest_ping = 1198.6000000000001,
  ping_send = false
}
[1199.000][10:32:05 05.09.2026][Main][INFO] Connected to EMCU {
  computer_id = 1,
  device_name = "EMCU",
  latest_ping = 1199,
  ping_send = false
}
[1460.700][10:36:27 05.09.2026][Main][INFO] Disconnected from EMCU {
  computer_id = 1,
  device_name = "EMCU",
  latest_ping = 1459.7,
  ping_send = true
}
[1460.700][10:36:27 05.09.2026][Main][INFO] Disconnected from EMCU {
  computer_id = 1,
  device_name = "EMCU",
  latest_ping = 1459.7,
  ping_send = true
}
[3830.700][11:15:57 05.09.2026][Main][INFO] Connected to EMCU {
  computer_id = 1,
  device_name = "EMCU",
  latest_ping = 3830.7000000000003,
  ping_send = false
}
[3830.700][11:15:57 05.09.2026][Main][INFO] Connected to EMCU {
  computer_id = 1,
  device_name = "EMCU",
  latest_ping = 3830.7000000000003,
  ping_send = false
}
[3831.700][11:15:58 05.09.2026][Main][INFO] Disconnected from EMCU {
  computer_id = 1,
  device_name = "EMCU",
  latest_ping = 3830.7000000000003,
  ping_send = true
}
[3831.700][11:15:58 05.09.2026][Main][INFO] Disconnected from EMCU {
  computer_id = 1,
  device_name = "EMCU",
  latest_ping = 3830.7000000000003,
  ping_send = true
}
[3861.700][11:16:28 05.09.2026][Main][INFO] Connected to EMCU {
  computer_id = 1,
  device_name = "EMCU",
  latest_ping = 3861.7000000000003,
  ping_send = false
}
[3862.700][11:16:29 05.09.2026][Main][INFO] Disconnected from EMCU {
  computer_id = 1,
  device_name = "EMCU",
  latest_ping = 3861.7000000000003,
  ping_send = true
}
[4073.700][11:20:00 05.09.2026][Main][INFO] Connected to EMCU {
  computer_id = 1,
  device_name = "EMCU",
  latest_ping = 4073.7000000000003,
  ping_send = false
}
[4073.700][11:20:00 05.09.2026][Main][INFO] Connected to EMCU {
  computer_id = 1,
  device_name = "EMCU",
  latest_ping = 4073.7000000000003,
  ping_send = false
}
[4074.700][11:20:01 05.09.2026][Main][INFO] Disconnected from EMCU {
  computer_id = 1,
  device_name = "EMCU",
  latest_ping = 4073.7000000000003,
  ping_send = true
}
[4074.700][11:20:01 05.09.2026][Main][INFO] Disconnected from EMCU {
  computer_id = 1,
  device_name = "EMCU",
  latest_ping = 4073.7000000000003,
  ping_send = true
}
[4195.800][11:22:02 05.09.2026][Main][INFO] Connected to EMCU {
  computer_id = 1,
  device_name = "EMCU",
  latest_ping = 4195.8,
  ping_send = false
}
[4195.800][11:22:02 05.09.2026][Main][INFO] Connected to EMCU {
  computer_id = 1,
  device_name = "EMCU",
  latest_ping = 4195.8,
  ping_send = false
}
[4196.800][11:22:03 05.09.2026][Main][INFO] Disconnected from EMCU {
  computer_id = 1,
  device_name = "EMCU",
  latest_ping = 4195.8,
  ping_send = true
}
[4196.800][11:22:03 05.09.2026][Main][INFO] Disconnected from EMCU {
  computer_id = 1,
  device_name = "EMCU",
  latest_ping = 4195.8,
  ping_send = true
}
[4209.800][11:22:16 05.09.2026][Main][INFO] Connected to EMCU {
  computer_id = 1,
  device_name = "EMCU",
  latest_ping = 4209.8,
  ping_send = false
}
[4210.800][11:22:17 05.09.2026][Main][INFO] Disconnected from EMCU {
  computer_id = 1,
  device_name = "EMCU",
  latest_ping = 4209.8,
  ping_send = true
}
[4250.800][11:22:57 05.09.2026][Main][INFO] Connected to EMCU {
  computer_id = 1,
  device_name = "EMCU",
  latest_ping = 4250.8,
  ping_send = false
}
[4250.800][11:22:57 05.09.2026][Main][INFO] Connected to EMCU {
  computer_id = 1,
  device_name = "EMCU",
  latest_ping = 4250.8,
  ping_send = false
}
[4251.800][11:22:58 05.09.2026][Main][INFO] Disconnected from EMCU {
  computer_id = 1,
  device_name = "EMCU",
  latest_ping = 4250.8,
  ping_send = true
}
[4251.800][11:22:58 05.09.2026][Main][INFO] Disconnected from EMCU {
  computer_id = 1,
  device_name = "EMCU",
  latest_ping = 4250.8,
  ping_send = true
}
[4757.800][11:31:24 05.09.2026][Main][INFO] Connected to EMCU {
  computer_id = 1,
  device_name = "EMCU",
  latest_ping = 4757.8,
  ping_send = false
}
[4757.800][11:31:24 05.09.2026][Main][INFO] Connected to EMCU {
  computer_id = 1,
  device_name = "EMCU",
  latest_ping = 4757.8,
  ping_send = false
}
[4778.400][11:31:44 05.09.2026][Main][INFO] Disconnected from EMCU {
  computer_id = 1,
  device_name = "EMCU",
  latest_ping = 4777.4000000000005,
  ping_send = true
}
[4778.400][11:31:44 05.09.2026][Main][INFO] Disconnected from EMCU {
  computer_id = 1,
  device_name = "EMCU",
  latest_ping = 4777.4000000000005,
  ping_send = true
}
[5272.400][11:39:58 05.09.2026][Main][INFO] Connected to EMCU {
  computer_id = 1,
  device_name = "EMCU",
  latest_ping = 5272.4000000000005,
  ping_send = false
}
[5272.400][11:39:58 05.09.2026][Main][INFO] Connected to EMCU {
  computer_id = 1,
  device_name = "EMCU",
  latest_ping = 5272.4000000000005,
  ping_send = false
}
[5284.300][11:40:10 05.09.2026][Main][INFO] Disconnected from EMCU {
  computer_id = 1,
  device_name = "EMCU",
  latest_ping = 5283.3,
  ping_send = true
}
[5284.300][11:40:10 05.09.2026][Main][INFO] Disconnected from EMCU {
  computer_id = 1,
  device_name = "EMCU",
  latest_ping = 5283.3,
  ping_send = true
}
[8414.300][12:32:20 05.09.2026][Main][INFO] Connected to EMCU {
  computer_id = 1,
  device_name = "EMCU",
  latest_ping = 8414.3000000000011,
  ping_send = false
}
[8414.300][12:32:20 05.09.2026][Main][INFO] Connected to EMCU {
  computer_id = 1,
  device_name = "EMCU",
  latest_ping = 8414.3000000000011,
  ping_send = false
}
[8419.800][12:32:26 05.09.2026][Main][INFO] Disconnected from EMCU {
  computer_id = 1,
  device_name = "EMCU",
  latest_ping = 8418.8000000000011,
  ping_send = true
}
[8419.800][12:32:26 05.09.2026][Main][INFO] Disconnected from EMCU {
  computer_id = 1,
  device_name = "EMCU",
  latest_ping = 8418.8000000000011,
  ping_send = true
}
[8428.800][12:32:35 05.09.2026][Main][INFO] Connected to EMCU {
  computer_id = 1,
  device_name = "EMCU",
  latest_ping = 8428.8000000000011,
  ping_send = false
}
[8428.800][12:32:35 05.09.2026][Main][INFO] Connected to EMCU {
  computer_id = 1,
  device_name = "EMCU",
  latest_ping = 8428.8000000000011,
  ping_send = false
}
[9213.100][12:45:39 05.09.2026][Main][INFO] Disconnected from EMCU {
  computer_id = 1,
  device_name = "EMCU",
  latest_ping = 9212.1,
  ping_send = true
}
[9213.100][12:45:39 05.09.2026][Main][INFO] Disconnected from EMCU {
  computer_id = 1,
  device_name = "EMCU",
  latest_ping = 9212.1,
  ping_send = true
}
[9819.100][12:55:45 05.09.2026][Main][INFO] Connected to EMCU {
  computer_id = 1,
  device_name = "EMCU",
  latest_ping = 9819.1,
  ping_send = false
}
[9819.100][12:55:45 05.09.2026][Main][INFO] Connected to EMCU {
  computer_id = 1,
  device_name = "EMCU",
  latest_ping = 9819.1,
  ping_send = false
}
[9834.800][12:56:01 05.09.2026][Main][INFO] Disconnected from EMCU {
  computer_id = 1,
  device_name = "EMCU",
  latest_ping = 9833.8000000000011,
  ping_send = true
}
[9834.800][12:56:01 05.09.2026][Main][INFO] Disconnected from EMCU {
  computer_id = 1,
  device_name = "EMCU",
  latest_ping = 9833.8000000000011,
  ping_send = true
}
[10976.800][13:15:03 05.09.2026][Main][INFO] Connected to EMCU {
  computer_id = 1,
  device_name = "EMCU",
  latest_ping = 10976.800000000001,
  ping_send = false
}
[10976.800][13:15:03 05.09.2026][Main][INFO] Connected to EMCU {
  computer_id = 1,
  device_name = "EMCU",
  latest_ping = 10976.800000000001,
  ping_send = false
}
[10983.400][13:15:09 05.09.2026][Main][INFO] Disconnected from EMCU {
  computer_id = 1,
  device_name = "EMCU",
  latest_ping = 10982.400000000001,
  ping_send = true
}
[10983.400][13:15:09 05.09.2026][Main][INFO] Disconnected from EMCU {
  computer_id = 1,
  device_name = "EMCU",
  latest_ping = 10982.400000000001,
  ping_send = true
}
[13445.400][13:56:11 05.09.2026][Main][INFO] Connected to EMCU {
  computer_id = 1,
  device_name = "EMCU",
  latest_ping = 13445.400000000001,
  ping_send = false
}
[13446.400][13:56:12 05.09.2026][Main][INFO] Disconnected from EMCU {
  computer_id = 1,
  device_name = "EMCU",
  latest_ping = 13445.400000000001,
  ping_send = true
}
[13503.400][13:57:09 05.09.2026][Main][INFO] Connected to EMCU {
  computer_id = 1,
  device_name = "EMCU",
  latest_ping = 13503.400000000001,
  ping_send = false
}
[13504.400][13:57:10 05.09.2026][Main][INFO] Disconnected from EMCU {
  computer_id = 1,
  device_name = "EMCU",
  latest_ping = 13503.400000000001,
  ping_send = true
}
[13550.400][13:57:56 05.09.2026][Main][INFO] Connected to EMCU {
  computer_id = 1,
  device_name = "EMCU",
  latest_ping = 13550.400000000001,
  ping_send = false
}
[13550.400][13:57:56 05.09.2026][Main][INFO] Connected to EMCU {
  computer_id = 1,
  device_name = "EMCU",
  latest_ping = 13550.400000000001,
  ping_send = false
}
[13769.000][14:01:35 05.09.2026][Main][INFO] Disconnected from EMCU {
  computer_id = 1,
  device_name = "EMCU",
  latest_ping = 13768,
  ping_send = true
}
[13769.000][14:01:35 05.09.2026][Main][INFO] Connected to EMCU {
  computer_id = 1,
  device_name = "EMCU",
  latest_ping = 13769,
  ping_send = false
}
[13769.000][14:01:35 05.09.2026][Main][INFO] Disconnected from EMCU {
  computer_id = 1,
  device_name = "EMCU",
  latest_ping = 13768,
  ping_send = true
}
[13769.000][14:01:35 05.09.2026][Main][INFO] Connected to EMCU {
  computer_id = 1,
  device_name = "EMCU",
  latest_ping = 13769,
  ping_send = false
}
[14455.400][14:13:01 05.09.2026][Main][INFO] Disconnected from EMCU {
  computer_id = 1,
  device_name = "EMCU",
  latest_ping = 14454.400000000001,
  ping_send = true
}
[14455.400][14:13:01 05.09.2026][Main][INFO] Disconnected from EMCU {
  computer_id = 1,
  device_name = "EMCU",
  latest_ping = 14454.400000000001,
  ping_send = true
}
[203.850][15:07:30 05.09.2026][Main][INFO] Connected to EMCU {
  computer_id = 1,
  device_name = "EMCU",
  latest_ping = 203.85000000000002,
  ping_send = false
}
[204.050][15:07:30 05.09.2026][Main][INFO] Connected to EMCU {
  computer_id = 1,
  device_name = "EMCU",
  latest_ping = 204.05,
  ping_send = false
}
[1533.150][16:37:08 05.09.2026][Main][INFO] Connected to EMCU {
  computer_id = 1,
  device_name = "EMCU",
  latest_ping = 1533.15,
  ping_send = false
}
[1543.600][16:37:18 05.09.2026][Main][INFO] Connected to EMCU {
  computer_id = 1,
  device_name = "EMCU",
  latest_ping = 1543.6000000000001,
  ping_send = false
}
[1618.900][16:38:34 05.09.2026][Main][INFO] Disconnected from EMCU {
  computer_id = 1,
  device_name = "EMCU",
  latest_ping = 1617.9,
  ping_send = true
}
[1618.950][16:38:34 05.09.2026][Main][INFO] Disconnected from EMCU {
  computer_id = 1,
  device_name = "EMCU",
  latest_ping = 1617.95,
  ping_send = true
}
[2381.900][16:51:17 05.09.2026][Main][INFO] Connected to EMCU {
  computer_id = 1,
  device_name = "EMCU",
  latest_ping = 2381.9,
  ping_send = false
}
[2381.950][16:51:17 05.09.2026][Main][INFO] Connected to EMCU {
  computer_id = 1,
  device_name = "EMCU",
  latest_ping = 2381.9500000000003,
  ping_send = false
}
[3879.500][17:16:14 05.09.2026][Main][INFO] Disconnected from EMCU {
  computer_id = 1,
  device_name = "EMCU",
  latest_ping = 3878.5,
  ping_send = true
}
[3879.550][17:16:14 05.09.2026][Main][INFO] Disconnected from EMCU {
  computer_id = 1,
  device_name = "EMCU",
  latest_ping = 3878.55,
  ping_send = true
}
[3933.500][17:17:08 05.09.2026][Main][INFO] Connected to EMCU {
  computer_id = 1,
  device_name = "EMCU",
  latest_ping = 3933.5,
  ping_send = false
}
[3933.550][17:17:08 05.09.2026][Main][INFO] Connected to EMCU {
  computer_id = 1,
  device_name = "EMCU",
  latest_ping = 3933.55,
  ping_send = false
}
[3942.000][17:17:17 05.09.2026][Main][INFO] Disconnected from EMCU {
  computer_id = 1,
  device_name = "EMCU",
  latest_ping = 3941,
  ping_send = true
}
[3942.050][17:17:17 05.09.2026][Main][INFO] Disconnected from EMCU {
  computer_id = 1,
  device_name = "EMCU",
  latest_ping = 3941.05,
  ping_send = true
}
[3971.000][17:17:46 05.09.2026][Main][INFO] Connected to EMCU {
  computer_id = 1,
  device_name = "EMCU",
  latest_ping = 3971,
  ping_send = false
}
[3972.000][17:17:47 05.09.2026][Main][INFO] Disconnected from EMCU {
  computer_id = 1,
  device_name = "EMCU",
  latest_ping = 3971,
  ping_send = true
}
[4018.050][17:18:33 05.09.2026][Main][INFO] Connected to EMCU {
  computer_id = 1,
  device_name = "EMCU",
  latest_ping = 4018.05,
  ping_send = false
}
[4018.000][17:18:33 05.09.2026][Main][INFO] Connected to EMCU {
  computer_id = 1,
  device_name = "EMCU",
  latest_ping = 4018,
  ping_send = false
}
[4019.050][17:18:34 05.09.2026][Main][INFO] Disconnected from EMCU {
  computer_id = 1,
  device_name = "EMCU",
  latest_ping = 4018.05,
  ping_send = true
}
[4019.000][17:18:34 05.09.2026][Main][INFO] Disconnected from EMCU {
  computer_id = 1,
  device_name = "EMCU",
  latest_ping = 4018,
  ping_send = true
}
[4121.050][17:20:16 05.09.2026][Main][INFO] Connected to EMCU {
  computer_id = 1,
  device_name = "EMCU",
  latest_ping = 4121.05,
  ping_send = false
}
[4121.000][17:20:16 05.09.2026][Main][INFO] Connected to EMCU {
  computer_id = 1,
  device_name = "EMCU",
  latest_ping = 4121,
  ping_send = false
}
[4122.050][17:20:17 05.09.2026][Main][INFO] Disconnected from EMCU {
  computer_id = 1,
  device_name = "EMCU",
  latest_ping = 4121.05,
  ping_send = true
}
[4122.000][17:20:17 05.09.2026][Main][INFO] Disconnected from EMCU {
  computer_id = 1,
  device_name = "EMCU",
  latest_ping = 4121,
  ping_send = true
}
[4148.050][17:20:43 05.09.2026][Main][INFO] Connected to EMCU {
  computer_id = 1,
  device_name = "EMCU",
  latest_ping = 4148.05,
  ping_send = false
}
[4148.000][17:20:43 05.09.2026][Main][INFO] Connected to EMCU {
  computer_id = 1,
  device_name = "EMCU",
  latest_ping = 4148,
  ping_send = false
}
[4390.150][17:24:45 05.09.2026][Main][INFO] Disconnected from EMCU {
  computer_id = 1,
  device_name = "EMCU",
  latest_ping = 4389.1500000000005,
  ping_send = true
}
[4390.100][17:24:45 05.09.2026][Main][INFO] Disconnected from EMCU {
  computer_id = 1,
  device_name = "EMCU",
  latest_ping = 4389.1,
  ping_send = true
}
[4424.100][17:25:19 05.09.2026][Main][INFO] Connected to EMCU {
  computer_id = 1,
  device_name = "EMCU",
  latest_ping = 4424.1,
  ping_send = false
}
[4424.150][17:25:19 05.09.2026][Main][INFO] Connected to EMCU {
  computer_id = 1,
  device_name = "EMCU",
  latest_ping = 4424.1500000000005,
  ping_send = false
}
[4431.600][17:25:26 05.09.2026][Main][INFO] Disconnected from EMCU {
  computer_id = 1,
  device_name = "EMCU",
  latest_ping = 4430.6,
  ping_send = true
}
[4431.650][17:25:26 05.09.2026][Main][INFO] Disconnected from EMCU {
  computer_id = 1,
  device_name = "EMCU",
  latest_ping = 4430.6500000000005,
  ping_send = true
}
[4437.600][17:25:32 05.09.2026][Main][INFO] Connected to EMCU {
  computer_id = 1,
  device_name = "EMCU",
  latest_ping = 4437.6,
  ping_send = false
}
[4437.650][17:25:32 05.09.2026][Main][INFO] Connected to EMCU {
  computer_id = 1,
  device_name = "EMCU",
  latest_ping = 4437.6500000000005,
  ping_send = false
}
[4591.400][17:28:06 05.09.2026][Main][INFO] Disconnected from EMCU {
  computer_id = 1,
  device_name = "EMCU",
  latest_ping = 4590.4000000000005,
  ping_send = true
}
[4591.450][17:28:06 05.09.2026][Main][INFO] Disconnected from EMCU {
  computer_id = 1,
  device_name = "EMCU",
  latest_ping = 4590.45,
  ping_send = true
}
[4673.400][17:29:28 05.09.2026][Main][INFO] Connected to EMCU {
  computer_id = 1,
  device_name = "EMCU",
  latest_ping = 4673.4000000000005,
  ping_send = false
}
[4673.450][17:29:28 05.09.2026][Main][INFO] Connected to EMCU {
  computer_id = 1,
  device_name = "EMCU",
  latest_ping = 4673.45,
  ping_send = false
}
[4678.800][17:29:34 05.09.2026][Main][INFO] Disconnected from EMCU {
  computer_id = 1,
  device_name = "EMCU",
  latest_ping = 4677.8,
  ping_send = true
}
[4678.850][17:29:34 05.09.2026][Main][INFO] Disconnected from EMCU {
  computer_id = 1,
  device_name = "EMCU",
  latest_ping = 4677.85,
  ping_send = true
}
[4679.800][17:29:35 05.09.2026][Main][INFO] Connected to EMCU {
  computer_id = 1,
  device_name = "EMCU",
  latest_ping = 4679.8,
  ping_send = false
}
[4679.850][17:29:35 05.09.2026][Main][INFO] Connected to EMCU {
  computer_id = 1,
  device_name = "EMCU",
  latest_ping = 4679.85,
  ping_send = false
}
[4689.200][17:29:44 05.09.2026][Main][INFO] Disconnected from EMCU {
  computer_id = 1,
  device_name = "EMCU",
  latest_ping = 4688.2,
  ping_send = true
}
[4689.250][17:29:44 05.09.2026][Main][INFO] Disconnected from EMCU {
  computer_id = 1,
  device_name = "EMCU",
  latest_ping = 4688.25,
  ping_send = true
}
[4689.200][17:29:44 05.09.2026][Main][INFO] Connected to EMCU {
  computer_id = 1,
  device_name = "EMCU",
  latest_ping = 4689.2,
  ping_send = false
}
[4689.250][17:29:44 05.09.2026][Main][INFO] Connected to EMCU {
  computer_id = 1,
  device_name = "EMCU",
  latest_ping = 4689.25,
  ping_send = false
}
[4692.800][17:29:48 05.09.2026][Main][INFO] Disconnected from EMCU {
  computer_id = 1,
  device_name = "EMCU",
  latest_ping = 4691.8,
  ping_send = true
}
[4692.850][17:29:48 05.09.2026][Main][INFO] Disconnected from EMCU {
  computer_id = 1,
  device_name = "EMCU",
  latest_ping = 4691.85,
  ping_send = true
}
[5595.800][17:44:52 05.09.2026][Main][INFO] Connected to EMCU {
  computer_id = 1,
  device_name = "EMCU",
  latest_ping = 5595.8,
  ping_send = false
}
[5595.850][17:44:52 05.09.2026][Main][INFO] Connected to EMCU {
  computer_id = 1,
  device_name = "EMCU",
  latest_ping = 5595.85,
  ping_send = false
}
[5596.800][17:44:53 05.09.2026][Main][INFO] Disconnected from EMCU {
  computer_id = 1,
  device_name = "EMCU",
  latest_ping = 5595.8,
  ping_send = true
}
[5596.850][17:44:53 05.09.2026][Main][INFO] Disconnected from EMCU {
  computer_id = 1,
  device_name = "EMCU",
  latest_ping = 5595.85,
  ping_send = true
}
[5698.800][17:46:35 05.09.2026][Main][INFO] Connected to EMCU {
  computer_id = 1,
  device_name = "EMCU",
  latest_ping = 5698.8,
  ping_send = false
}
[5698.850][17:46:35 05.09.2026][Main][INFO] Connected to EMCU {
  computer_id = 1,
  device_name = "EMCU",
  latest_ping = 5698.85,
  ping_send = false
}
[5699.800][17:46:36 05.09.2026][Main][INFO] Disconnected from EMCU {
  computer_id = 1,
  device_name = "EMCU",
  latest_ping = 5698.8,
  ping_send = true
}
[5699.850][17:46:36 05.09.2026][Main][INFO] Disconnected from EMCU {
  computer_id = 1,
  device_name = "EMCU",
  latest_ping = 5698.85,
  ping_send = true
}
[5768.800][17:47:45 05.09.2026][Main][INFO] Connected to EMCU {
  computer_id = 1,
  device_name = "EMCU",
  latest_ping = 5768.8,
  ping_send = false
}
[5768.850][17:47:45 05.09.2026][Main][INFO] Connected to EMCU {
  computer_id = 1,
  device_name = "EMCU",
  latest_ping = 5768.85,
  ping_send = false
}
[5769.850][17:47:46 05.09.2026][Main][INFO] Disconnected from EMCU {
  computer_id = 1,
  device_name = "EMCU",
  latest_ping = 5768.85,
  ping_send = true
}
[5769.800][17:47:46 05.09.2026][Main][INFO] Disconnected from EMCU {
  computer_id = 1,
  device_name = "EMCU",
  latest_ping = 5768.8,
  ping_send = true
}
[5772.800][17:47:49 05.09.2026][Main][INFO] Connected to EMCU {
  computer_id = 1,
  device_name = "EMCU",
  latest_ping = 5772.8,
  ping_send = false
}
[5772.850][17:47:49 05.09.2026][Main][INFO] Connected to EMCU {
  computer_id = 1,
  device_name = "EMCU",
  latest_ping = 5772.85,
  ping_send = false
}
[5839.500][17:48:56 05.09.2026][Main][INFO] Disconnected from EMCU {
  computer_id = 1,
  device_name = "EMCU",
  latest_ping = 5838.5,
  ping_send = true
}
[5839.550][17:48:56 05.09.2026][Main][INFO] Disconnected from EMCU {
  computer_id = 1,
  device_name = "EMCU",
  latest_ping = 5838.55,
  ping_send = true
}
[5883.500][17:49:40 05.09.2026][Main][INFO] Connected to EMCU {
  computer_id = 1,
  device_name = "EMCU",
  latest_ping = 5883.5,
  ping_send = false
}
[5883.550][17:49:40 05.09.2026][Main][INFO] Connected to EMCU {
  computer_id = 1,
  device_name = "EMCU",
  latest_ping = 5883.55,
  ping_send = false
}
[5884.500][17:49:41 05.09.2026][Main][INFO] Disconnected from EMCU {
  computer_id = 1,
  device_name = "EMCU",
  latest_ping = 5883.5,
  ping_send = true
}
[5884.550][17:49:41 05.09.2026][Main][INFO] Disconnected from EMCU {
  computer_id = 1,
  device_name = "EMCU",
  latest_ping = 5883.55,
  ping_send = true
}
[5897.500][17:49:54 05.09.2026][Main][INFO] Connected to EMCU {
  computer_id = 1,
  device_name = "EMCU",
  latest_ping = 5897.5,
  ping_send = false
}
[5897.550][17:49:54 05.09.2026][Main][INFO] Connected to EMCU {
  computer_id = 1,
  device_name = "EMCU",
  latest_ping = 5897.55,
  ping_send = false
}
[7544.500][18:17:21 05.09.2026][Main][INFO] Disconnected from EMCU {
  computer_id = 1,
  device_name = "EMCU",
  latest_ping = 7543.5,
  ping_send = true
}
[7544.550][18:17:21 05.09.2026][Main][INFO] Disconnected from EMCU {
  computer_id = 1,
  device_name = "EMCU",
  latest_ping = 7543.55,
  ping_send = true
}
[7546.500][18:17:23 05.09.2026][Main][INFO] Connected to EMCU {
  computer_id = 1,
  device_name = "EMCU",
  latest_ping = 7546.5,
  ping_send = false
}
[7546.550][18:17:23 05.09.2026][Main][INFO] Connected to EMCU {
  computer_id = 1,
  device_name = "EMCU",
  latest_ping = 7546.55,
  ping_send = false
}
[8651.500][18:35:48 05.09.2026][Main][INFO] Disconnected from EMCU {
  computer_id = 1,
  device_name = "EMCU",
  latest_ping = 8650.5,
  ping_send = true
}
[8651.550][18:35:48 05.09.2026][Main][INFO] Disconnected from EMCU {
  computer_id = 1,
  device_name = "EMCU",
  latest_ping = 8650.5500000000011,
  ping_send = true
}
[8682.700][18:36:19 05.09.2026][Main][INFO] Connected to EMCU {
  computer_id = 1,
  device_name = "EMCU",
  latest_ping = 8682.7,
  ping_send = false
}
[8683.100][18:36:19 05.09.2026][Main][INFO] Connected to EMCU {
  computer_id = 1,
  device_name = "EMCU",
  latest_ping = 8683.1,
  ping_send = false
}
[8684.000][18:36:20 05.09.2026][Main][INFO] Disconnected from EMCU {
  computer_id = 1,
  device_name = "EMCU",
  latest_ping = 8683,
  ping_send = true
}
[8684.000][18:36:20 05.09.2026][Main][INFO] Connected to EMCU {
  computer_id = 1,
  device_name = "EMCU",
  latest_ping = 8684,
  ping_send = false
}
[9164.700][18:44:21 05.09.2026][Main][INFO] Disconnected from EMCU {
  computer_id = 1,
  device_name = "EMCU",
  latest_ping = 9163.7,
  ping_send = true
}
[9164.700][18:44:21 05.09.2026][Main][INFO] Disconnected from EMCU {
  computer_id = 1,
  device_name = "EMCU",
  latest_ping = 9163.7,
  ping_send = true
}
[9169.700][18:44:26 05.09.2026][Main][INFO] Connected to EMCU {
  computer_id = 1,
  device_name = "EMCU",
  latest_ping = 9169.7,
  ping_send = false
}
[9169.700][18:44:26 05.09.2026][Main][INFO] Connected to EMCU {
  computer_id = 1,
  device_name = "EMCU",
  latest_ping = 9169.7,
  ping_send = false
}
[9170.700][18:44:27 05.09.2026][Main][INFO] Disconnected from EMCU {
  computer_id = 1,
  device_name = "EMCU",
  latest_ping = 9169.7,
  ping_send = true
}
[9170.700][18:44:27 05.09.2026][Main][INFO] Connected to EMCU {
  computer_id = 1,
  device_name = "EMCU",
  latest_ping = 9170.7,
  ping_send = false
}
[9183.500][18:44:40 05.09.2026][Main][INFO] Disconnected from EMCU {
  computer_id = 1,
  device_name = "EMCU",
  latest_ping = 9182.5,
  ping_send = true
}
[9183.500][18:44:40 05.09.2026][Main][INFO] Disconnected from EMCU {
  computer_id = 1,
  device_name = "EMCU",
  latest_ping = 9182.5,
  ping_send = true
}
[9267.500][18:46:04 05.09.2026][Main][INFO] Connected to EMCU {
  computer_id = 1,
  device_name = "EMCU",
  latest_ping = 9267.5,
  ping_send = false
}
[9267.500][18:46:04 05.09.2026][Main][INFO] Connected to EMCU {
  computer_id = 1,
  device_name = "EMCU",
  latest_ping = 9267.5,
  ping_send = false
}
[9268.500][18:46:05 05.09.2026][Main][INFO] Disconnected from EMCU {
  computer_id = 1,
  device_name = "EMCU",
  latest_ping = 9267.5,
  ping_send = true
}
[9268.500][18:46:05 05.09.2026][Main][INFO] Connected to EMCU {
  computer_id = 1,
  device_name = "EMCU",
  latest_ping = 9268.5,
  ping_send = false
}
[9273.800][18:46:10 05.09.2026][Main][INFO] Disconnected from EMCU {
  computer_id = 1,
  device_name = "EMCU",
  latest_ping = 9272.8000000000011,
  ping_send = true
}
[9273.800][18:46:10 05.09.2026][Main][INFO] Connected to EMCU {
  computer_id = 1,
  device_name = "EMCU",
  latest_ping = 9273.8000000000011,
  ping_send = false
}
[9273.800][18:46:10 05.09.2026][Main][INFO] Disconnected from EMCU {
  computer_id = 1,
  device_name = "EMCU",
  latest_ping = 9272.8000000000011,
  ping_send = true
}
[9273.800][18:46:10 05.09.2026][Main][INFO] Connected to EMCU {
  computer_id = 1,
  device_name = "EMCU",
  latest_ping = 9273.8000000000011,
  ping_send = false
}
[9406.000][18:48:22 05.09.2026][Main][INFO] Disconnected from EMCU {
  computer_id = 1,
  device_name = "EMCU",
  latest_ping = 9405,
  ping_send = true
}
[9406.100][18:48:22 05.09.2026][Main][INFO] Disconnected from EMCU {
  computer_id = 1,
  device_name = "EMCU",
  latest_ping = 9405.1,
  ping_send = true
}
[9459.000][18:49:15 05.09.2026][Main][INFO] Connected to EMCU {
  computer_id = 1,
  device_name = "EMCU",
  latest_ping = 9459,
  ping_send = false
}
[9459.100][18:49:15 05.09.2026][Main][INFO] Connected to EMCU {
  computer_id = 1,
  device_name = "EMCU",
  latest_ping = 9459.1,
  ping_send = false
}
[9460.000][18:49:16 05.09.2026][Main][INFO] Disconnected from EMCU {
  computer_id = 1,
  device_name = "EMCU",
  latest_ping = 9459,
  ping_send = true
}
[9460.000][18:49:16 05.09.2026][Main][INFO] Connected to EMCU {
  computer_id = 1,
  device_name = "EMCU",
  latest_ping = 9460,
  ping_send = false
}
[9472.800][18:49:29 05.09.2026][Main][INFO] Disconnected from EMCU {
  computer_id = 1,
  device_name = "EMCU",
  latest_ping = 9471.8000000000011,
  ping_send = true
}
[9472.800][18:49:29 05.09.2026][Main][INFO] Connected to EMCU {
  computer_id = 1,
  device_name = "EMCU",
  latest_ping = 9472.8000000000011,
  ping_send = false
}
[133.050][12:04:37 06.09.2026][Main][INFO] Connected to EMCU {
  computer_id = 1,
  device_name = "EMCU",
  latest_ping = 133.05,
  ping_send = false
}
[133.650][12:04:38 06.09.2026][Main][INFO] Connected to EMCU {
  computer_id = 1,
  device_name = "EMCU",
  latest_ping = 133.65,
  ping_send = false
}
[78.850][12:04:57 06.09.2026][Setup][INFO] Setup done
[80.650][12:04:59 06.09.2026][Main][INFO] Connected to EMCU {
  computer_id = 1,
  device_name = "EMCU",
  latest_ping = 80.65,
  ping_send = false
}
[170.650][12:05:15 06.09.2026][Main][INFO] Disconnected from EMCU {
  computer_id = 1,
  device_name = "EMCU",
  latest_ping = 169.65,
  ping_send = true
}
[97.050][12:05:15 06.09.2026][Main][INFO] Disconnected from EMCU {
  computer_id = 1,
  device_name = "EMCU",
  latest_ping = 96.050000000000011,
  ping_send = true
}
[170.650][12:05:15 06.09.2026][Main][INFO] Disconnected from EMCU {
  computer_id = 1,
  device_name = "EMCU",
  latest_ping = 169.65,
  ping_send = true
}
[229.650][12:06:14 06.09.2026][Main][INFO] Connected to EMCU {
  computer_id = 1,
  device_name = "EMCU",
  latest_ping = 229.65,
  ping_send = false
}
[156.050][12:06:14 06.09.2026][Main][INFO] Connected to EMCU {
  computer_id = 1,
  device_name = "EMCU",
  latest_ping = 156.05,
  ping_send = false
}
[229.650][12:06:14 06.09.2026][Main][INFO] Connected to EMCU {
  computer_id = 1,
  device_name = "EMCU",
  latest_ping = 229.65,
  ping_send = false
}
[1180.950][12:22:05 06.09.2026][Main][INFO] Disconnected from EMCU {
  computer_id = 1,
  device_name = "EMCU",
  latest_ping = 1179.95,
  ping_send = true
}
[1107.350][12:22:05 06.09.2026][Main][INFO] Disconnected from EMCU {
  computer_id = 1,
  device_name = "EMCU",
  latest_ping = 1106.3500000000001,
  ping_send = true
}
[1180.950][12:22:05 06.09.2026][Main][INFO] Disconnected from EMCU {
  computer_id = 1,
  device_name = "EMCU",
  latest_ping = 1179.95,
  ping_send = true
}
[1186.950][12:22:11 06.09.2026][Main][INFO] Connected to EMCU {
  computer_id = 1,
  device_name = "EMCU",
  latest_ping = 1186.95,
  ping_send = false
}
[1113.350][12:22:11 06.09.2026][Main][INFO] Connected to EMCU {
  computer_id = 1,
  device_name = "EMCU",
  latest_ping = 1113.3500000000001,
  ping_send = false
}
[1186.950][12:22:11 06.09.2026][Main][INFO] Connected to EMCU {
  computer_id = 1,
  device_name = "EMCU",
  latest_ping = 1186.95,
  ping_send = false
}
[1187.950][12:22:12 06.09.2026][Main][INFO] Disconnected from EMCU {
  computer_id = 1,
  device_name = "EMCU",
  latest_ping = 1186.95,
  ping_send = true
}
[1114.350][12:22:12 06.09.2026][Main][INFO] Disconnected from EMCU {
  computer_id = 1,
  device_name = "EMCU",
  latest_ping = 1113.3500000000001,
  ping_send = true
}
[1187.950][12:22:12 06.09.2026][Main][INFO] Disconnected from EMCU {
  computer_id = 1,
  device_name = "EMCU",
  latest_ping = 1186.95,
  ping_send = true
}
[1188.950][12:22:13 06.09.2026][Main][INFO] Connected to EMCU {
  computer_id = 1,
  device_name = "EMCU",
  latest_ping = 1188.95,
  ping_send = false
}
[1115.350][12:22:13 06.09.2026][Main][INFO] Connected to EMCU {
  computer_id = 1,
  device_name = "EMCU",
  latest_ping = 1115.3500000000001,
  ping_send = false
}
[1188.950][12:22:13 06.09.2026][Main][INFO] Connected to EMCU {
  computer_id = 1,
  device_name = "EMCU",
  latest_ping = 1188.95,
  ping_send = false
}
[1217.550][12:22:42 06.09.2026][Main][INFO] Disconnected from EMCU {
  computer_id = 1,
  device_name = "EMCU",
  latest_ping = 1216.55,
  ping_send = true
}
[1217.650][12:22:42 06.09.2026][Main][INFO] Disconnected from EMCU {
  computer_id = 1,
  device_name = "EMCU",
  latest_ping = 1216.65,
  ping_send = true
}
[1144.050][12:22:42 06.09.2026][Main][INFO] Disconnected from EMCU {
  computer_id = 1,
  device_name = "EMCU",
  latest_ping = 1143.05,
  ping_send = true
}
[2759.650][12:48:24 06.09.2026][Main][INFO] Connected to EMCU {
  computer_id = 1,
  device_name = "EMCU",
  latest_ping = 2759.65,
  ping_send = false
}
[2686.050][12:48:24 06.09.2026][Main][INFO] Connected to EMCU {
  computer_id = 1,
  device_name = "EMCU",
  latest_ping = 2686.05,
  ping_send = false
}
[2760.550][12:48:25 06.09.2026][Main][INFO] Connected to EMCU {
  computer_id = 1,
  device_name = "EMCU",
  latest_ping = 2760.55,
  ping_send = false
}
[2761.550][12:48:26 06.09.2026][Main][INFO] Disconnected from EMCU {
  computer_id = 1,
  device_name = "EMCU",
  latest_ping = 2760.55,
  ping_send = true
}
[2687.950][12:48:26 06.09.2026][Main][INFO] Disconnected from EMCU {
  computer_id = 1,
  device_name = "EMCU",
  latest_ping = 2686.9500000000003,
  ping_send = true
}
[2761.550][12:48:26 06.09.2026][Main][INFO] Connected to EMCU {
  computer_id = 1,
  device_name = "EMCU",
  latest_ping = 2761.55,
  ping_send = false
}
[2687.950][12:48:26 06.09.2026][Main][INFO] Connected to EMCU {
  computer_id = 1,
  device_name = "EMCU",
  latest_ping = 2687.9500000000003,
  ping_send = false
}
[2767.850][12:48:32 06.09.2026][Main][INFO] Disconnected from EMCU {
  computer_id = 1,
  device_name = "EMCU",
  latest_ping = 2766.8500000000004,
  ping_send = true
}
[2767.850][12:48:32 06.09.2026][Main][INFO] Connected to EMCU {
  computer_id = 1,
  device_name = "EMCU",
  latest_ping = 2767.8500000000004,
  ping_send = false
}
[2694.350][12:48:32 06.09.2026][Main][INFO] Disconnected from EMCU {
  computer_id = 1,
  device_name = "EMCU",
  latest_ping = 2693.3500000000004,
  ping_send = true
}
[2767.950][12:48:32 06.09.2026][Main][INFO] Disconnected from EMCU {
  computer_id = 1,
  device_name = "EMCU",
  latest_ping = 2766.9500000000003,
  ping_send = true
}
[2694.350][12:48:32 06.09.2026][Main][INFO] Connected to EMCU {
  computer_id = 1,
  device_name = "EMCU",
  latest_ping = 2694.3500000000004,
  ping_send = false
}
[2767.950][12:48:32 06.09.2026][Main][INFO] Connected to EMCU {
  computer_id = 1,
  device_name = "EMCU",
  latest_ping = 2767.9500000000003,
  ping_send = false
}
[2834.250][12:49:39 06.09.2026][Main][INFO] Disconnected from EMCU {
  computer_id = 1,
  device_name = "EMCU",
  latest_ping = 2833.25,
  ping_send = true
}
[2760.750][12:49:39 06.09.2026][Main][INFO] Disconnected from EMCU {
  computer_id = 1,
  device_name = "EMCU",
  latest_ping = 2759.75,
  ping_send = true
}
[2834.350][12:49:39 06.09.2026][Main][INFO] Disconnected from EMCU {
  computer_id = 1,
  device_name = "EMCU",
  latest_ping = 2833.3500000000004,
  ping_send = true
}
[2847.250][12:49:52 06.09.2026][Main][INFO] Connected to EMCU {
  computer_id = 1,
  device_name = "EMCU",
  latest_ping = 2847.25,
  ping_send = false
}
[2773.750][12:49:52 06.09.2026][Main][INFO] Connected to EMCU {
  computer_id = 1,
  device_name = "EMCU",
  latest_ping = 2773.75,
  ping_send = false
}
[2847.350][12:49:52 06.09.2026][Main][INFO] Connected to EMCU {
  computer_id = 1,
  device_name = "EMCU",
  latest_ping = 2847.3500000000004,
  ping_send = false
}
[2848.250][12:49:53 06.09.2026][Main][INFO] Disconnected from EMCU {
  computer_id = 1,
  device_name = "EMCU",
  latest_ping = 2847.25,
  ping_send = true
}
[2848.250][12:49:53 06.09.2026][Main][INFO] Connected to EMCU {
  computer_id = 1,
  device_name = "EMCU",
  latest_ping = 2848.25,
  ping_send = false
}
[3211.150][12:55:56 06.09.2026][Main][INFO] Disconnected from EMCU {
  computer_id = 1,
  device_name = "EMCU",
  latest_ping = 3210.15,
  ping_send = true
}
[3137.650][12:55:56 06.09.2026][Main][INFO] Disconnected from EMCU {
  computer_id = 1,
  device_name = "EMCU",
  latest_ping = 3136.65,
  ping_send = true
}
[3211.250][12:55:56 06.09.2026][Main][INFO] Disconnected from EMCU {
  computer_id = 1,
  device_name = "EMCU",
  latest_ping = 3210.25,
  ping_send = true
}
[3391.150][12:58:56 06.09.2026][Main][INFO] Connected to EMCU {
  computer_id = 1,
  device_name = "EMCU",
  latest_ping = 3391.15,
  ping_send = false
}
[3391.250][12:58:56 06.09.2026][Main][INFO] Connected to EMCU {
  computer_id = 1,
  device_name = "EMCU",
  latest_ping = 3391.25,
  ping_send = false
}
[3317.650][12:58:56 06.09.2026][Main][INFO] Connected to EMCU {
  computer_id = 1,
  device_name = "EMCU",
  latest_ping = 3317.65,
  ping_send = false
}
[3392.150][12:58:57 06.09.2026][Main][INFO] Disconnected from EMCU {
  computer_id = 1,
  device_name = "EMCU",
  latest_ping = 3391.15,
  ping_send = true
}
[3392.150][12:58:57 06.09.2026][Main][INFO] Connected to EMCU {
  computer_id = 1,
  device_name = "EMCU",
  latest_ping = 3392.15,
  ping_send = false
}
[3447.150][12:59:52 06.09.2026][Main][INFO] Disconnected from EMCU {
  computer_id = 1,
  device_name = "EMCU",
  latest_ping = 3446.15,
  ping_send = true
}
[3447.150][12:59:52 06.09.2026][Main][INFO] Connected to EMCU {
  computer_id = 1,
  device_name = "EMCU",
  latest_ping = 3447.15,
  ping_send = false
}
[3447.250][12:59:52 06.09.2026][Main][INFO] Disconnected from EMCU {
  computer_id = 1,
  device_name = "EMCU",
  latest_ping = 3446.25,
  ping_send = true
}
[3373.650][12:59:52 06.09.2026][Main][INFO] Disconnected from EMCU {
  computer_id = 1,
  device_name = "EMCU",
  latest_ping = 3372.65,
  ping_send = true
}
[3447.250][12:59:52 06.09.2026][Main][INFO] Connected to EMCU {
  computer_id = 1,
  device_name = "EMCU",
  latest_ping = 3447.25,
  ping_send = false
}
[3373.650][12:59:52 06.09.2026][Main][INFO] Connected to EMCU {
  computer_id = 1,
  device_name = "EMCU",
  latest_ping = 3373.65,
  ping_send = false
}
[3448.150][12:59:53 06.09.2026][Main][INFO] Disconnected from EMCU {
  computer_id = 1,
  device_name = "EMCU",
  latest_ping = 3447.15,
  ping_send = true
}
[3448.150][12:59:53 06.09.2026][Main][INFO] Connected to EMCU {
  computer_id = 1,
  device_name = "EMCU",
  latest_ping = 3448.15,
  ping_send = false
}
[3584.650][13:02:09 06.09.2026][Main][INFO] Disconnected from EMCU {
  computer_id = 1,
  device_name = "EMCU",
  latest_ping = 3583.65,
  ping_send = true
}
[3584.650][13:02:09 06.09.2026][Main][INFO] Connected to EMCU {
  computer_id = 1,
  device_name = "EMCU",
  latest_ping = 3584.65,
  ping_send = false
}
[3584.750][13:02:09 06.09.2026][Main][INFO] Disconnected from EMCU {
  computer_id = 1,
  device_name = "EMCU",
  latest_ping = 3583.75,
  ping_send = true
}
[3511.150][13:02:09 06.09.2026][Main][INFO] Disconnected from EMCU {
  computer_id = 1,
  device_name = "EMCU",
  latest_ping = 3510.15,
  ping_send = true
}
[3584.750][13:02:09 06.09.2026][Main][INFO] Connected to EMCU {
  computer_id = 1,
  device_name = "EMCU",
  latest_ping = 3584.75,
  ping_send = false
}
[3511.150][13:02:09 06.09.2026][Main][INFO] Connected to EMCU {
  computer_id = 1,
  device_name = "EMCU",
  latest_ping = 3511.15,
  ping_send = false
}
[3587.550][13:02:12 06.09.2026][Main][INFO] Disconnected from EMCU {
  computer_id = 1,
  device_name = "EMCU",
  latest_ping = 3586.55,
  ping_send = true
}
[3587.650][13:02:12 06.09.2026][Main][INFO] Disconnected from EMCU {
  computer_id = 1,
  device_name = "EMCU",
  latest_ping = 3586.65,
  ping_send = true
}
[3514.050][13:02:12 06.09.2026][Main][INFO] Disconnected from EMCU {
  computer_id = 1,
  device_name = "EMCU",
  latest_ping = 3513.05,
  ping_send = true
}
[3609.550][13:02:34 06.09.2026][Main][INFO] Connected to EMCU {
  computer_id = 1,
  device_name = "EMCU",
  latest_ping = 3609.55,
  ping_send = false
}
[3609.650][13:02:34 06.09.2026][Main][INFO] Connected to EMCU {
  computer_id = 1,
  device_name = "EMCU",
  latest_ping = 3609.65,
  ping_send = false
}
[3536.050][13:02:34 06.09.2026][Main][INFO] Connected to EMCU {
  computer_id = 1,
  device_name = "EMCU",
  latest_ping = 3536.05,
  ping_send = false
}
[3635.550][13:03:00 06.09.2026][Main][INFO] Disconnected from EMCU {
  computer_id = 1,
  device_name = "EMCU",
  latest_ping = 3634.55,
  ping_send = true
}
[3635.650][13:03:00 06.09.2026][Main][INFO] Disconnected from EMCU {
  computer_id = 1,
  device_name = "EMCU",
  latest_ping = 3634.65,
  ping_send = true
}
[3562.050][13:03:00 06.09.2026][Main][INFO] Disconnected from EMCU {
  computer_id = 1,
  device_name = "EMCU",
  latest_ping = 3561.05,
  ping_send = true
}
[3637.550][13:03:02 06.09.2026][Main][INFO] Connected to EMCU {
  computer_id = 1,
  device_name = "EMCU",
  latest_ping = 3637.55,
  ping_send = false
}
[3637.650][13:03:02 06.09.2026][Main][INFO] Connected to EMCU {
  computer_id = 1,
  device_name = "EMCU",
  latest_ping = 3637.65,
  ping_send = false
}
[3564.050][13:03:02 06.09.2026][Main][INFO] Connected to EMCU {
  computer_id = 1,
  device_name = "EMCU",
  latest_ping = 3564.05,
  ping_send = false
}
[3638.550][13:03:03 06.09.2026][Main][INFO] Disconnected from EMCU {
  computer_id = 1,
  device_name = "EMCU",
  latest_ping = 3637.55,
  ping_send = true
}
[3638.550][13:03:03 06.09.2026][Main][INFO] Connected to EMCU {
  computer_id = 1,
  device_name = "EMCU",
  latest_ping = 3638.55,
  ping_send = false
}
[44.750][17:00:24 06.09.2026][Main][INFO] Connected to EMCU {
  computer_id = 1,
  device_name = "EMCU",
  latest_ping = 44.75,
  ping_send = false
}
[49.050][17:00:28 06.09.2026][Main][INFO] Connected to EMCU {
  computer_id = 1,
  device_name = "EMCU",
  latest_ping = 49.050000000000004,
  ping_send = false
}
[51.750][17:00:31 06.09.2026][Main][INFO] Connected to EMCU {
  computer_id = 1,
  device_name = "EMCU",
  latest_ping = 51.75,
  ping_send = false
}
[172.750][17:02:32 06.09.2026][Main][INFO] Disconnected from EMCU {
  computer_id = 1,
  device_name = "EMCU",
  latest_ping = 171.75,
  ping_send = true
}
[172.750][17:02:32 06.09.2026][Main][INFO] Disconnected from EMCU {
  computer_id = 1,
  device_name = "EMCU",
  latest_ping = 171.75,
  ping_send = true
}
[172.650][17:02:32 06.09.2026][Main][INFO] Disconnected from EMCU {
  computer_id = 1,
  device_name = "EMCU",
  latest_ping = 171.65,
  ping_send = true
}
[374.750][17:05:54 06.09.2026][Main][INFO] Connected to EMCU {
  computer_id = 1,
  device_name = "EMCU",
  latest_ping = 374.75,
  ping_send = false
}
[374.650][17:05:54 06.09.2026][Main][INFO] Connected to EMCU {
  computer_id = 1,
  device_name = "EMCU",
  latest_ping = 374.65000000000003,
  ping_send = false
}
[374.750][17:05:54 06.09.2026][Main][INFO] Connected to EMCU {
  computer_id = 1,
  device_name = "EMCU",
  latest_ping = 374.75,
  ping_send = false
}
[382.250][17:06:01 06.09.2026][Main][INFO] Disconnected from EMCU {
  computer_id = 1,
  device_name = "EMCU",
  latest_ping = 381.25,
  ping_send = true
}
[382.350][17:06:01 06.09.2026][Main][INFO] Disconnected from EMCU {
  computer_id = 1,
  device_name = "EMCU",
  latest_ping = 381.35,
  ping_send = true
}
[382.350][17:06:01 06.09.2026][Main][INFO] Disconnected from EMCU {
  computer_id = 1,
  device_name = "EMCU",
  latest_ping = 381.35,
  ping_send = true
}
[384.350][17:06:03 06.09.2026][Main][INFO] Connected to EMCU {
  computer_id = 1,
  device_name = "EMCU",
  latest_ping = 384.35,
  ping_send = false
}
[384.250][17:06:03 06.09.2026][Main][INFO] Connected to EMCU {
  computer_id = 1,
  device_name = "EMCU",
  latest_ping = 384.25,
  ping_send = false
}
[384.350][17:06:03 06.09.2026][Main][INFO] Connected to EMCU {
  computer_id = 1,
  device_name = "EMCU",
  latest_ping = 384.35,
  ping_send = false
}
[405.550][17:06:25 06.09.2026][Main][INFO] Disconnected from EMCU {
  computer_id = 1,
  device_name = "EMCU",
  latest_ping = 404.55,
  ping_send = true
}
[405.450][17:06:25 06.09.2026][Main][INFO] Disconnected from EMCU {
  computer_id = 1,
  device_name = "EMCU",
  latest_ping = 404.45000000000005,
  ping_send = true
}
[405.650][17:06:25 06.09.2026][Main][INFO] Disconnected from EMCU {
  computer_id = 1,
  device_name = "EMCU",
  latest_ping = 404.65000000000003,
  ping_send = true
}
[446.450][17:07:06 06.09.2026][Main][INFO] Connected to EMCU {
  computer_id = 1,
  device_name = "EMCU",
  latest_ping = 446.45000000000005,
  ping_send = false
}
[446.550][17:07:06 06.09.2026][Main][INFO] Connected to EMCU {
  computer_id = 1,
  device_name = "EMCU",
  latest_ping = 446.55,
  ping_send = false
}
[446.650][17:07:06 06.09.2026][Main][INFO] Connected to EMCU {
  computer_id = 1,
  device_name = "EMCU",
  latest_ping = 446.65000000000003,
  ping_send = false
}
[451.550][17:07:11 06.09.2026][Main][INFO] Disconnected from EMCU {
  computer_id = 1,
  device_name = "EMCU",
  latest_ping = 450.55,
  ping_send = true
}
[451.650][17:07:11 06.09.2026][Main][INFO] Disconnected from EMCU {
  computer_id = 1,
  device_name = "EMCU",
  latest_ping = 450.65000000000003,
  ping_send = true
}
[451.650][17:07:11 06.09.2026][Main][INFO] Disconnected from EMCU {
  computer_id = 1,
  device_name = "EMCU",
  latest_ping = 450.65000000000003,
  ping_send = true
}
[455.650][17:07:15 06.09.2026][Main][INFO] Connected to EMCU {
  computer_id = 1,
  device_name = "EMCU",
  latest_ping = 455.65000000000003,
  ping_send = false
}
[455.550][17:07:15 06.09.2026][Main][INFO] Connected to EMCU {
  computer_id = 1,
  device_name = "EMCU",
  latest_ping = 455.55,
  ping_send = false
}
[455.650][17:07:15 06.09.2026][Main][INFO] Connected to EMCU {
  computer_id = 1,
  device_name = "EMCU",
  latest_ping = 455.65000000000003,
  ping_send = false
}
[529.150][17:08:28 06.09.2026][Main][INFO] Disconnected from EMCU {
  computer_id = 1,
  device_name = "EMCU",
  latest_ping = 528.15,
  ping_send = true
}
[529.050][17:08:28 06.09.2026][Main][INFO] Disconnected from EMCU {
  computer_id = 1,
  device_name = "EMCU",
  latest_ping = 528.05000000000007,
  ping_send = true
}
[529.150][17:08:28 06.09.2026][Main][INFO] Disconnected from EMCU {
  computer_id = 1,
  device_name = "EMCU",
  latest_ping = 528.15,
  ping_send = true
}
[303.050][18:08:20 06.09.2026][Main][INFO] Connected to EMCU {
  computer_id = 1,
  device_name = "EMCU",
  latest_ping = 303.05,
  ping_send = false
}
[308.900][18:08:26 06.09.2026][Main][INFO] Connected to EMCU {
  computer_id = 1,
  device_name = "EMCU",
  latest_ping = 308.90000000000003,
  ping_send = false
}
[314.300][18:08:31 06.09.2026][Main][INFO] Connected to EMCU {
  computer_id = 1,
  device_name = "EMCU",
  latest_ping = 314.3,
  ping_send = false
}
[1309.900][18:25:07 06.09.2026][Main][INFO] Connected to EMCU {
  computer_id = 1,
  device_name = "EMCU",
  latest_ping = 1309.9,
  ping_send = false
}
[2067.150][18:37:44 06.09.2026][Main][INFO] Connected to EMCU {
  computer_id = 1,
  device_name = "EMCU",
  latest_ping = 2067.15,
  ping_send = false
}
[2259.650][18:40:57 06.09.2026][Main][INFO] Connected to EMCU {
  computer_id = 1,
  device_name = "EMCU",
  latest_ping = 2259.65,
  ping_send = false
}
[2300.350][18:41:37 06.09.2026][Main][INFO] Connected to EMCU {
  computer_id = 1,
  device_name = "EMCU",
  latest_ping = 2300.35,
  ping_send = false
}
[2338.600][18:42:16 06.09.2026][Main][INFO] Connected to EMCU {
  computer_id = 1,
  device_name = "EMCU",
  latest_ping = 2338.6,
  ping_send = false
}
[2361.000][18:42:38 06.09.2026][Main][INFO] Connected to EMCU {
  computer_id = 1,
  device_name = "EMCU",
  latest_ping = 2361,
  ping_send = false
}
[2372.500][18:42:49 06.09.2026][Main][INFO] Connected to EMCU {
  computer_id = 1,
  device_name = "EMCU",
  latest_ping = 2372.5,
  ping_send = false
}
[2375.400][18:42:52 06.09.2026][Main][INFO] Connected to EMCU {
  computer_id = 1,
  device_name = "EMCU",
  latest_ping = 2375.4,
  ping_send = false
}
[2397.450][18:43:14 06.09.2026][Main][INFO] Connected to EMCU {
  computer_id = 1,
  device_name = "EMCU",
  latest_ping = 2397.4500000000003,
  ping_send = false
}
[2420.700][18:43:38 06.09.2026][Main][INFO] Connected to EMCU {
  computer_id = 1,
  device_name = "EMCU",
  latest_ping = 2420.7000000000003,
  ping_send = false
}
[2732.600][18:48:49 06.09.2026][Main][INFO] Connected to EMCU {
  computer_id = 1,
  device_name = "EMCU",
  latest_ping = 2732.6000000000004,
  ping_send = false
}
[2741.900][18:48:59 06.09.2026][Main][INFO] Connected to EMCU {
  computer_id = 1,
  device_name = "EMCU",
  latest_ping = 2741.9,
  ping_send = false
}
[2850.150][18:50:47 06.09.2026][Main][INFO] Connected to EMCU {
  computer_id = 1,
  device_name = "EMCU",
  latest_ping = 2850.15,
  ping_send = false
}
[2883.800][18:51:21 06.09.2026][Main][INFO] Connected to EMCU {
  computer_id = 1,
  device_name = "EMCU",
  latest_ping = 2883.8,
  ping_send = false
}
[2890.750][18:51:28 06.09.2026][Main][INFO] Connected to EMCU {
  computer_id = 1,
  device_name = "EMCU",
  latest_ping = 2890.75,
  ping_send = false
}
[2895.850][18:51:33 06.09.2026][Main][INFO] Connected to EMCU {
  computer_id = 1,
  device_name = "EMCU",
  latest_ping = 2895.8500000000004,
  ping_send = false
}
[2909.850][18:51:47 06.09.2026][Main][INFO] Connected to EMCU {
  computer_id = 1,
  device_name = "EMCU",
  latest_ping = 2909.8500000000004,
  ping_send = false
}
[2918.150][18:51:55 06.09.2026][Main][INFO] Connected to EMCU {
  computer_id = 1,
  device_name = "EMCU",
  latest_ping = 2918.15,
  ping_send = false
}
[2935.750][18:52:13 06.09.2026][Main][INFO] Connected to EMCU {
  computer_id = 1,
  device_name = "EMCU",
  latest_ping = 2935.75,
  ping_send = false
}
[2986.500][18:53:03 06.09.2026][Main][INFO] Connected to EMCU {
  computer_id = 1,
  device_name = "EMCU",
  latest_ping = 2986.5,
  ping_send = false
}
[2998.050][18:53:15 06.09.2026][Main][INFO] Connected to EMCU {
  computer_id = 1,
  device_name = "EMCU",
  latest_ping = 2998.05,
  ping_send = false
}
[3688.800][19:04:46 06.09.2026][Main][INFO] Connected to EMCU {
  computer_id = 1,
  device_name = "EMCU",
  latest_ping = 3688.8,
  ping_send = false
}
[3782.800][19:06:20 06.09.2026][Main][INFO] Connected to EMCU {
  computer_id = 1,
  device_name = "EMCU",
  latest_ping = 3782.8,
  ping_send = false
}
[3827.050][19:07:04 06.09.2026][Main][INFO] Connected to EMCU {
  computer_id = 1,
  device_name = "EMCU",
  latest_ping = 3827.05,
  ping_send = false
}
[3848.100][19:07:25 06.09.2026][Main][INFO] Connected to EMCU {
  computer_id = 1,
  device_name = "EMCU",
  latest_ping = 3848.1000000000004,
  ping_send = false
}
[3882.100][19:07:59 06.09.2026][Main][INFO] Connected to EMCU {
  computer_id = 1,
  device_name = "EMCU",
  latest_ping = 3882.1000000000004,
  ping_send = false
}
[3912.600][19:08:29 06.09.2026][Main][INFO] Connected to EMCU {
  computer_id = 1,
  device_name = "EMCU",
  latest_ping = 3912.6000000000004,
  ping_send = false
}
[3922.600][19:08:39 06.09.2026][Main][INFO] Connected to EMCU {
  computer_id = 1,
  device_name = "EMCU",
  latest_ping = 3922.6000000000004,
  ping_send = false
}
[3945.100][19:09:02 06.09.2026][Main][INFO] Connected to EMCU {
  computer_id = 1,
  device_name = "EMCU",
  latest_ping = 3945.1000000000004,
  ping_send = false
}
[3957.750][19:09:15 06.09.2026][Main][INFO] Connected to EMCU {
  computer_id = 1,
  device_name = "EMCU",
  latest_ping = 3957.75,
  ping_send = false
}
[4041.250][19:10:38 06.09.2026][Main][INFO] Connected to EMCU {
  computer_id = 1,
  device_name = "EMCU",
  latest_ping = 4041.25,
  ping_send = false
}
[4208.450][19:13:25 06.09.2026][Main][INFO] Connected to EMCU {
  computer_id = 1,
  device_name = "EMCU",
  latest_ping = 4208.45,
  ping_send = false
}
[4596.200][19:19:53 06.09.2026][Main][INFO] Connected to EMCU {
  computer_id = 1,
  device_name = "EMCU",
  latest_ping = 4596.2,
  ping_send = false
}
[4886.850][19:24:44 06.09.2026][Main][INFO] Connected to EMCU {
  computer_id = 1,
  device_name = "EMCU",
  latest_ping = 4886.85,
  ping_send = false
}
[5019.000][19:26:56 06.09.2026][Main][INFO] Connected to EMCU {
  computer_id = 1,
  device_name = "EMCU",
  latest_ping = 5019,
  ping_send = false
}
[5029.050][19:27:06 06.09.2026][Main][INFO] Connected to EMCU {
  computer_id = 1,
  device_name = "EMCU",
  latest_ping = 5029.05,
  ping_send = false
}
[5045.700][19:27:23 06.09.2026][Main][INFO] Connected to EMCU {
  computer_id = 1,
  device_name = "EMCU",
  latest_ping = 5045.7000000000007,
  ping_send = false
}
[6379.500][19:49:36 06.09.2026][Main][INFO] Connected to EMCU {
  computer_id = 1,
  device_name = "EMCU",
  latest_ping = 6379.5,
  ping_send = false
}
[6395.150][19:49:52 06.09.2026][Main][INFO] Connected to EMCU {
  computer_id = 1,
  device_name = "EMCU",
  latest_ping = 6395.1500000000005,
  ping_send = false
}
[6417.100][19:50:14 06.09.2026][Main][INFO] Connected to EMCU {
  computer_id = 1,
  device_name = "EMCU",
  latest_ping = 6417.1,
  ping_send = false
}
[6443.200][19:50:40 06.09.2026][Main][INFO] Connected to EMCU {
  computer_id = 1,
  device_name = "EMCU",
  latest_ping = 6443.2000000000007,
  ping_send = false
}
[6764.100][19:56:01 06.09.2026][Main][INFO] Connected to EMCU {
  computer_id = 1,
  device_name = "EMCU",
  latest_ping = 6764.1,
  ping_send = false
}
[6821.900][19:56:59 06.09.2026][Main][INFO] Connected to EMCU {
  computer_id = 1,
  device_name = "EMCU",
  latest_ping = 6821.9000000000005,
  ping_send = false
}
[6831.600][19:57:09 06.09.2026][Main][INFO] Connected to EMCU {
  computer_id = 1,
  device_name = "EMCU",
  latest_ping = 6831.6,
  ping_send = false
}
[6845.250][19:57:22 06.09.2026][Main][INFO] Connected to EMCU {
  computer_id = 1,
  device_name = "EMCU",
  latest_ping = 6845.25,
  ping_send = false
}
[6888.450][19:58:05 06.09.2026][Main][INFO] Connected to EMCU {
  computer_id = 1,
  device_name = "EMCU",
  latest_ping = 6888.4500000000007,
  ping_send = false
}
[6895.300][19:58:12 06.09.2026][Main][INFO] Connected to EMCU {
  computer_id = 1,
  device_name = "EMCU",
  latest_ping = 6895.3,
  ping_send = false
}
[7136.950][20:02:14 06.09.2026][Main][INFO] Connected to EMCU {
  computer_id = 1,
  device_name = "EMCU",
  latest_ping = 7136.9500000000007,
  ping_send = false
}
[7146.550][20:02:23 06.09.2026][Main][INFO] Connected to EMCU {
  computer_id = 1,
  device_name = "EMCU",
  latest_ping = 7146.55,
  ping_send = false
}
[7166.950][20:02:44 06.09.2026][Main][INFO] Connected to EMCU {
  computer_id = 1,
  device_name = "EMCU",
  latest_ping = 7166.9500000000007,
  ping_send = false
}
[8424.800][20:23:52 06.09.2026][Main][INFO] Connected to EMCU {
  computer_id = 1,
  device_name = "EMCU",
  latest_ping = 8424.8000000000011,
  ping_send = false
}
[8662.950][20:27:50 06.09.2026][Main][INFO] Connected to EMCU {
  computer_id = 1,
  device_name = "EMCU",
  latest_ping = 8662.95,
  ping_send = false
}
[8673.550][20:28:01 06.09.2026][Main][INFO] Connected to EMCU {
  computer_id = 1,
  device_name = "EMCU",
  latest_ping = 8673.5500000000011,
  ping_send = false
}
[8696.800][20:28:24 06.09.2026][Main][INFO] Connected to EMCU {
  computer_id = 1,
  device_name = "EMCU",
  latest_ping = 8696.8000000000011,
  ping_send = false
}
[8709.350][20:28:37 06.09.2026][Main][INFO] Connected to EMCU {
  computer_id = 1,
  device_name = "EMCU",
  latest_ping = 8709.35,
  ping_send = false
}
[8755.850][20:29:23 06.09.2026][Main][INFO] Connected to EMCU {
  computer_id = 1,
  device_name = "EMCU",
  latest_ping = 8755.85,
  ping_send = false
}
[8778.400][20:29:46 06.09.2026][Main][INFO] Connected to EMCU {
  computer_id = 1,
  device_name = "EMCU",
  latest_ping = 8778.4,
  ping_send = false
}
[8985.250][20:33:12 06.09.2026][Main][INFO] Connected to EMCU {
  computer_id = 1,
  device_name = "EMCU",
  latest_ping = 8985.25,
  ping_send = false
}
[9050.300][20:34:17 06.09.2026][Main][INFO] Connected to EMCU {
  computer_id = 1,
  device_name = "EMCU",
  latest_ping = 9050.3000000000011,
  ping_send = false
}
[9067.050][20:34:34 06.09.2026][Main][INFO] Connected to EMCU {
  computer_id = 1,
  device_name = "EMCU",
  latest_ping = 9067.0500000000011,
  ping_send = false
}
[9095.850][20:35:03 06.09.2026][Main][INFO] Connected to EMCU {
  computer_id = 1,
  device_name = "EMCU",
  latest_ping = 9095.85,
  ping_send = false
}
[9710.900][20:45:18 06.09.2026][Main][INFO] Connected to EMCU {
  computer_id = 1,
  device_name = "EMCU",
  latest_ping = 9710.9,
  ping_send = false
}
[9761.550][20:46:09 06.09.2026][Main][INFO] Connected to EMCU {
  computer_id = 1,
  device_name = "EMCU",
  latest_ping = 9761.5500000000011,
  ping_send = false
}
[9994.250][20:50:01 06.09.2026][Main][INFO] Connected to EMCU {
  computer_id = 1,
  device_name = "EMCU",
  latest_ping = 9994.25,
  ping_send = false
}
[10032.650][20:50:40 06.09.2026][Main][INFO] Connected to EMCU {
  computer_id = 1,
  device_name = "EMCU",
  latest_ping = 10032.650000000001,
  ping_send = false
}
[10054.150][20:51:01 06.09.2026][Main][INFO] Connected to EMCU {
  computer_id = 1,
  device_name = "EMCU",
  latest_ping = 10054.150000000001,
  ping_send = false
}
[10112.250][20:51:59 06.09.2026][Main][INFO] Connected to EMCU {
  computer_id = 1,
  device_name = "EMCU",
  latest_ping = 10112.25,
  ping_send = false
}
[10138.800][20:52:26 06.09.2026][Main][INFO] Connected to EMCU {
  computer_id = 1,
  device_name = "EMCU",
  latest_ping = 10138.800000000001,
  ping_send = false
}
[10211.700][20:53:39 06.09.2026][Main][INFO] Connected to EMCU {
  computer_id = 1,
  device_name = "EMCU",
  latest_ping = 10211.7,
  ping_send = false
}
[10216.950][20:53:44 06.09.2026][Main][INFO] Connected to EMCU {
  computer_id = 1,
  device_name = "EMCU",
  latest_ping = 10216.95,
  ping_send = false
}
[10220.700][20:53:48 06.09.2026][Main][INFO] Connected to EMCU {
  computer_id = 1,
  device_name = "EMCU",
  latest_ping = 10220.7,
  ping_send = false
}
[10771.400][21:02:59 06.09.2026][Main][INFO] Connected to EMCU {
  computer_id = 1,
  device_name = "EMCU",
  latest_ping = 10771.400000000001,
  ping_send = false
}
[10783.700][21:03:11 06.09.2026][Main][INFO] Connected to EMCU {
  computer_id = 1,
  device_name = "EMCU",
  latest_ping = 10783.7,
  ping_send = false
}
[10790.800][21:03:18 06.09.2026][Main][INFO] Connected to EMCU {
  computer_id = 1,
  device_name = "EMCU",
  latest_ping = 10790.800000000001,
  ping_send = false
}
[10881.850][21:04:49 06.09.2026][Main][INFO] Connected to EMCU {
  computer_id = 1,
  device_name = "EMCU",
  latest_ping = 10881.85,
  ping_send = false
}
[10899.700][21:05:07 06.09.2026][Main][INFO] Connected to EMCU {
  computer_id = 1,
  device_name = "EMCU",
  latest_ping = 10899.7,
  ping_send = false
}
[5.300][21:14:33 06.09.2026][Main][INFO] Connected to EMCU {
  computer_id = 1,
  device_name = "EMCU",
  latest_ping = 5.3000000000000007,
  ping_send = false
}
[306.650][21:19:34 06.09.2026][Main][INFO] Connected to EMCU {
  computer_id = 1,
  device_name = "EMCU",
  latest_ping = 306.65000000000003,
  ping_send = false
}
[318.900][21:19:46 06.09.2026][Main][INFO] Connected to EMCU {
  computer_id = 1,
  device_name = "EMCU",
  latest_ping = 318.90000000000003,
  ping_send = false
}
[365.300][21:20:33 06.09.2026][Main][INFO] Connected to EMCU {
  computer_id = 1,
  device_name = "EMCU",
  latest_ping = 365.3,
  ping_send = false
}
[404.000][21:21:11 06.09.2026][Main][INFO] Connected to EMCU {
  computer_id = 1,
  device_name = "EMCU",
  latest_ping = 404,
  ping_send = false
}
[865.100][21:28:52 06.09.2026][Main][INFO] Connected to EMCU {
  computer_id = 1,
  device_name = "EMCU",
  latest_ping = 865.1,
  ping_send = false
}
[900.950][21:29:28 06.09.2026][Main][INFO] Connected to EMCU {
  computer_id = 1,
  device_name = "EMCU",
  latest_ping = 900.95,
  ping_send = false
}
[2.300][21:32:31 06.09.2026][Main][INFO] Connected to EMCU {
  computer_id = 1,
  device_name = "EMCU",
  latest_ping = 2.3000000000000003,
  ping_send = false
}
[244.350][21:36:33 06.09.2026][Main][INFO] Connected to EMCU {
  computer_id = 1,
  device_name = "EMCU",
  latest_ping = 244.35000000000002,
  ping_send = false
}
[312.350][21:37:41 06.09.2026][Main][INFO] Connected to EMCU {
  computer_id = 1,
  device_name = "EMCU",
  latest_ping = 312.35,
  ping_send = false
}
[12864.800][21:37:52 06.09.2026][Main][INFO] Connected to EMCU {
  computer_id = 1,
  device_name = "EMCU",
  latest_ping = 12864.800000000001,
  ping_send = false
}
[12868.750][21:37:56 06.09.2026][Main][INFO] Connected to EMCU {
  computer_id = 1,
  device_name = "EMCU",
  latest_ping = 12868.75,
  ping_send = false
}
[334.650][21:38:03 06.09.2026][Main][INFO] Disconnected from EMCU {
  computer_id = 1,
  device_name = "EMCU",
  latest_ping = 333.65000000000003,
  ping_send = true
}
[334.650][21:38:03 06.09.2026][Main][INFO] Connected to EMCU {
  computer_id = 1,
  device_name = "EMCU",
  latest_ping = 334.65000000000003,
  ping_send = false
}
[12875.750][21:38:03 06.09.2026][Main][INFO] Disconnected from EMCU {
  computer_id = 1,
  device_name = "EMCU",
  latest_ping = 12874.75,
  ping_send = true
}
[12875.750][21:38:03 06.09.2026][Main][INFO] Connected to EMCU {
  computer_id = 1,
  device_name = "EMCU",
  latest_ping = 12875.75,
  ping_send = false
}
[12875.800][21:38:03 06.09.2026][Main][INFO] Disconnected from EMCU {
  computer_id = 1,
  device_name = "EMCU",
  latest_ping = 12874.800000000001,
  ping_send = true
}
[12875.800][21:38:03 06.09.2026][Main][INFO] Connected to EMCU {
  computer_id = 1,
  device_name = "EMCU",
  latest_ping = 12875.800000000001,
  ping_send = false
}
[378.000][13:21:15 07.09.2026][Main][INFO] Connected to EMCU {
  computer_id = 1,
  device_name = "EMCU",
  latest_ping = 378,
  ping_send = false
}
[378.300][13:21:15 07.09.2026][Main][INFO] Connected to EMCU {
  computer_id = 1,
  device_name = "EMCU",
  latest_ping = 378.3,
  ping_send = false
}
[378.250][13:21:16 07.09.2026][Main][INFO] Connected to EMCU {
  computer_id = 1,
  device_name = "EMCU",
  latest_ping = 378.25,
  ping_send = false
}
[391.050][13:21:28 07.09.2026][Main][INFO] Disconnected from EMCU {
  computer_id = 1,
  device_name = "EMCU",
  latest_ping = 390.05,
  ping_send = true
}
[391.200][13:21:28 07.09.2026][Main][INFO] Disconnected from EMCU {
  computer_id = 1,
  device_name = "EMCU",
  latest_ping = 390.20000000000005,
  ping_send = true
}
[391.200][13:21:28 07.09.2026][Main][INFO] Disconnected from EMCU {
  computer_id = 1,
  device_name = "EMCU",
  latest_ping = 390.20000000000005,
  ping_send = true
}
[548.200][13:24:05 07.09.2026][Main][INFO] Connected to EMCU {
  computer_id = 1,
  device_name = "EMCU",
  latest_ping = 548.2,
  ping_send = false
}
[548.200][13:24:05 07.09.2026][Main][INFO] Connected to EMCU {
  computer_id = 1,
  device_name = "EMCU",
  latest_ping = 548.2,
  ping_send = false
}
[548.050][13:24:05 07.09.2026][Main][INFO] Connected to EMCU {
  computer_id = 1,
  device_name = "EMCU",
  latest_ping = 548.05000000000007,
  ping_send = false
}
[559.400][13:24:17 07.09.2026][Main][INFO] Disconnected from EMCU {
  computer_id = 1,
  device_name = "EMCU",
  latest_ping = 558.4,
  ping_send = true
}
[559.400][13:24:17 07.09.2026][Main][INFO] Disconnected from EMCU {
  computer_id = 1,
  device_name = "EMCU",
  latest_ping = 558.4,
  ping_send = true
}
[559.250][13:24:17 07.09.2026][Main][INFO] Disconnected from EMCU {
  computer_id = 1,
  device_name = "EMCU",
  latest_ping = 558.25,
  ping_send = true
}
[561.400][13:24:19 07.09.2026][Main][INFO] Connected to EMCU {
  computer_id = 1,
  device_name = "EMCU",
  latest_ping = 561.4,
  ping_send = false
}
[561.400][13:24:19 07.09.2026][Main][INFO] Connected to EMCU {
  computer_id = 1,
  device_name = "EMCU",
  latest_ping = 561.4,
  ping_send = false
}
[561.250][13:24:19 07.09.2026][Main][INFO] Connected to EMCU {
  computer_id = 1,
  device_name = "EMCU",
  latest_ping = 561.25,
  ping_send = false
}
[822.800][13:28:40 07.09.2026][Main][INFO] Disconnected from EMCU {
  computer_id = 1,
  device_name = "EMCU",
  latest_ping = 821.80000000000007,
  ping_send = true
}
[822.800][13:28:40 07.09.2026][Main][INFO] Disconnected from EMCU {
  computer_id = 1,
  device_name = "EMCU",
  latest_ping = 821.80000000000007,
  ping_send = true
}
[822.800][13:28:40 07.09.2026][Main][INFO] Connected to EMCU {
  computer_id = 1,
  device_name = "EMCU",
  latest_ping = 822.80000000000007,
  ping_send = false
}
[822.800][13:28:40 07.09.2026][Main][INFO] Connected to EMCU {
  computer_id = 1,
  device_name = "EMCU",
  latest_ping = 822.80000000000007,
  ping_send = false
}
[822.650][13:28:40 07.09.2026][Main][INFO] Disconnected from EMCU {
  computer_id = 1,
  device_name = "EMCU",
  latest_ping = 821.65000000000009,
  ping_send = true
}
[822.650][13:28:40 07.09.2026][Main][INFO] Connected to EMCU {
  computer_id = 1,
  device_name = "EMCU",
  latest_ping = 822.65000000000009,
  ping_send = false
}
[5817.250][15:09:17 07.09.2026][Main][INFO] Disconnected from EMCU {
  computer_id = 1,
  device_name = "EMCU",
  latest_ping = 5816.25,
  ping_send = true
}
[5817.400][15:09:17 07.09.2026][Main][INFO] Disconnected from EMCU {
  computer_id = 1,
  device_name = "EMCU",
  latest_ping = 5816.4000000000005,
  ping_send = true
}
[5834.400][15:09:34 07.09.2026][Main][INFO] Connected to EMCU {
  computer_id = 1,
  device_name = "EMCU",
  latest_ping = 5834.4000000000005,
  ping_send = false
}
[5834.250][15:09:34 07.09.2026][Main][INFO] Connected to EMCU {
  computer_id = 1,
  device_name = "EMCU",
  latest_ping = 5834.25,
  ping_send = false
}
[5838.600][15:09:39 07.09.2026][Main][INFO] Disconnected from EMCU {
  computer_id = 1,
  device_name = "EMCU",
  latest_ping = 5837.6,
  ping_send = true
}
[5838.450][15:09:39 07.09.2026][Main][INFO] Disconnected from EMCU {
  computer_id = 1,
  device_name = "EMCU",
  latest_ping = 5837.4500000000007,
  ping_send = true
}
[5956.600][15:11:37 07.09.2026][Main][INFO] Connected to EMCU {
  computer_id = 1,
  device_name = "EMCU",
  latest_ping = 5956.6,
  ping_send = false
}
[5956.450][15:11:37 07.09.2026][Main][INFO] Connected to EMCU {
  computer_id = 1,
  device_name = "EMCU",
  latest_ping = 5956.4500000000007,
  ping_send = false
}
[5970.600][15:11:51 07.09.2026][Main][INFO] Connected to EMCU {
  computer_id = 1,
  device_name = "EMCU",
  latest_ping = 5970.6,
  ping_send = false
}
[5984.800][15:12:05 07.09.2026][Main][INFO] Disconnected from EMCU {
  computer_id = 1,
  device_name = "EMCU",
  latest_ping = 5983.8,
  ping_send = true
}
[5984.650][15:12:05 07.09.2026][Main][INFO] Disconnected from EMCU {
  computer_id = 1,
  device_name = "EMCU",
  latest_ping = 5983.6500000000005,
  ping_send = true
}
[5984.800][15:12:05 07.09.2026][Main][INFO] Disconnected from EMCU {
  computer_id = 1,
  device_name = "EMCU",
  latest_ping = 5983.8,
  ping_send = true
}
[5996.800][15:12:17 07.09.2026][Main][INFO] Connected to EMCU {
  computer_id = 1,
  device_name = "EMCU",
  latest_ping = 5996.8,
  ping_send = false
}
[5996.800][15:12:17 07.09.2026][Main][INFO] Connected to EMCU {
  computer_id = 1,
  device_name = "EMCU",
  latest_ping = 5996.8,
  ping_send = false
}
[5996.650][15:12:17 07.09.2026][Main][INFO] Connected to EMCU {
  computer_id = 1,
  device_name = "EMCU",
  latest_ping = 5996.6500000000005,
  ping_send = false
}
[6028.600][15:12:49 07.09.2026][Main][INFO] Disconnected from EMCU {
  computer_id = 1,
  device_name = "EMCU",
  latest_ping = 6027.6,
  ping_send = true
}
[6028.450][15:12:49 07.09.2026][Main][INFO] Disconnected from EMCU {
  computer_id = 1,
  device_name = "EMCU",
  latest_ping = 6027.4500000000007,
  ping_send = true
}
[6028.600][15:12:49 07.09.2026][Main][INFO] Disconnected from EMCU {
  computer_id = 1,
  device_name = "EMCU",
  latest_ping = 6027.6,
  ping_send = true
}
[1757.450][16:39:28 07.09.2026][Main][INFO] Connected to EMCU {
  computer_id = 1,
  device_name = "EMCU",
  latest_ping = 1757.45,
  ping_send = false
}
[1761.800][16:39:33 07.09.2026][Main][INFO] Connected to EMCU {
  computer_id = 1,
  device_name = "EMCU",
  latest_ping = 1761.8000000000002,
  ping_send = false
}
[1765.300][16:39:36 07.09.2026][Main][INFO] Connected to EMCU {
  computer_id = 1,
  device_name = "EMCU",
  latest_ping = 1765.3000000000002,
  ping_send = false
}
[1853.800][16:41:05 07.09.2026][Main][INFO] Disconnected from EMCU {
  computer_id = 1,
  device_name = "EMCU",
  latest_ping = 1852.8000000000002,
  ping_send = true
}
[1853.750][16:41:05 07.09.2026][Main][INFO] Disconnected from EMCU {
  computer_id = 1,
  device_name = "EMCU",
  latest_ping = 1852.75,
  ping_send = true
}
[1853.800][16:41:05 07.09.2026][Main][INFO] Connected to EMCU {
  computer_id = 1,
  device_name = "EMCU",
  latest_ping = 1853.8000000000002,
  ping_send = false
}
[1853.750][16:41:05 07.09.2026][Main][INFO] Connected to EMCU {
  computer_id = 1,
  device_name = "EMCU",
  latest_ping = 1853.75,
  ping_send = false
}
[1853.700][16:41:05 07.09.2026][Main][INFO] Disconnected from EMCU {
  computer_id = 1,
  device_name = "EMCU",
  latest_ping = 1852.7,
  ping_send = true
}
[1853.700][16:41:05 07.09.2026][Main][INFO] Connected to EMCU {
  computer_id = 1,
  device_name = "EMCU",
  latest_ping = 1853.7,
  ping_send = false
}
[1871.200][16:41:22 07.09.2026][Main][INFO] Disconnected from EMCU {
  computer_id = 1,
  device_name = "EMCU",
  latest_ping = 1870.2,
  ping_send = true
}
[1871.150][16:41:22 07.09.2026][Main][INFO] Disconnected from EMCU {
  computer_id = 1,
  device_name = "EMCU",
  latest_ping = 1870.15,
  ping_send = true
}
[1871.100][16:41:22 07.09.2026][Main][INFO] Disconnected from EMCU {
  computer_id = 1,
  device_name = "EMCU",
  latest_ping = 1870.1000000000001,
  ping_send = true
}
[1958.200][16:42:49 07.09.2026][Main][INFO] Connected to EMCU {
  computer_id = 1,
  device_name = "EMCU",
  latest_ping = 1958.2,
  ping_send = false
}
[1958.150][16:42:49 07.09.2026][Main][INFO] Connected to EMCU {
  computer_id = 1,
  device_name = "EMCU",
  latest_ping = 1958.15,
  ping_send = false
}
[1958.100][16:42:49 07.09.2026][Main][INFO] Connected to EMCU {
  computer_id = 1,
  device_name = "EMCU",
  latest_ping = 1958.1000000000001,
  ping_send = false
}
[2052.200][16:44:23 07.09.2026][Main][INFO] Disconnected from EMCU {
  computer_id = 1,
  device_name = "EMCU",
  latest_ping = 2051.2000000000003,
  ping_send = true
}
[2052.150][16:44:23 07.09.2026][Main][INFO] Disconnected from EMCU {
  computer_id = 1,
  device_name = "EMCU",
  latest_ping = 2051.15,
  ping_send = true
}
[2052.200][16:44:23 07.09.2026][Main][INFO] Connected to EMCU {
  computer_id = 1,
  device_name = "EMCU",
  latest_ping = 2052.2000000000003,
  ping_send = false
}
[2052.150][16:44:23 07.09.2026][Main][INFO] Connected to EMCU {
  computer_id = 1,
  device_name = "EMCU",
  latest_ping = 2052.15,
  ping_send = false
}
[2052.100][16:44:23 07.09.2026][Main][INFO] Disconnected from EMCU {
  computer_id = 1,
  device_name = "EMCU",
  latest_ping = 2051.1,
  ping_send = true
}
[2052.100][16:44:23 07.09.2026][Main][INFO] Connected to EMCU {
  computer_id = 1,
  device_name = "EMCU",
  latest_ping = 2052.1,
  ping_send = false
}
[5068.400][17:34:40 07.09.2026][Main][INFO] Disconnected from EMCU {
  computer_id = 1,
  device_name = "EMCU",
  latest_ping = 5067.4000000000005,
  ping_send = true
}
[5068.400][17:34:40 07.09.2026][Main][INFO] Connected to EMCU {
  computer_id = 1,
  device_name = "EMCU",
  latest_ping = 5068.4000000000005,
  ping_send = false
}
[5068.600][17:34:40 07.09.2026][Main][INFO] Disconnected from EMCU {
  computer_id = 1,
  device_name = "EMCU",
  latest_ping = 5067.6,
  ping_send = true
}
[5068.550][17:34:40 07.09.2026][Main][INFO] Disconnected from EMCU {
  computer_id = 1,
  device_name = "EMCU",
  latest_ping = 5067.55,
  ping_send = true
}
[5068.600][17:34:40 07.09.2026][Main][INFO] Connected to EMCU {
  computer_id = 1,
  device_name = "EMCU",
  latest_ping = 5068.6,
  ping_send = false
}
[5068.550][17:34:40 07.09.2026][Main][INFO] Connected to EMCU {
  computer_id = 1,
  device_name = "EMCU",
  latest_ping = 5068.55,
  ping_send = false
}
[5422.500][17:40:34 07.09.2026][Main][INFO] Disconnected from EMCU {
  computer_id = 1,
  device_name = "EMCU",
  latest_ping = 5421.5,
  ping_send = true
}
[5422.450][17:40:34 07.09.2026][Main][INFO] Disconnected from EMCU {
  computer_id = 1,
  device_name = "EMCU",
  latest_ping = 5421.4500000000007,
  ping_send = true
}
[5422.400][17:40:34 07.09.2026][Main][INFO] Disconnected from EMCU {
  computer_id = 1,
  device_name = "EMCU",
  latest_ping = 5421.4000000000005,
  ping_send = true
}
[5423.500][17:40:35 07.09.2026][Main][INFO] Connected to EMCU {
  computer_id = 1,
  device_name = "EMCU",
  latest_ping = 5423.5,
  ping_send = false
}
[5423.450][17:40:35 07.09.2026][Main][INFO] Connected to EMCU {
  computer_id = 1,
  device_name = "EMCU",
  latest_ping = 5423.4500000000007,
  ping_send = false
}
[5423.400][17:40:35 07.09.2026][Main][INFO] Connected to EMCU {
  computer_id = 1,
  device_name = "EMCU",
  latest_ping = 5423.4000000000005,
  ping_send = false
}
[5891.500][17:48:23 07.09.2026][Main][INFO] Disconnected from EMCU {
  computer_id = 1,
  device_name = "EMCU",
  latest_ping = 5890.5,
  ping_send = true
}
[5891.500][17:48:23 07.09.2026][Main][INFO] Connected to EMCU {
  computer_id = 1,
  device_name = "EMCU",
  latest_ping = 5891.5,
  ping_send = false
}
[5891.700][17:48:23 07.09.2026][Main][INFO] Disconnected from EMCU {
  computer_id = 1,
  device_name = "EMCU",
  latest_ping = 5890.7000000000007,
  ping_send = true
}
[5891.650][17:48:23 07.09.2026][Main][INFO] Disconnected from EMCU {
  computer_id = 1,
  device_name = "EMCU",
  latest_ping = 5890.6500000000005,
  ping_send = true
}
[5891.700][17:48:23 07.09.2026][Main][INFO] Connected to EMCU {
  computer_id = 1,
  device_name = "EMCU",
  latest_ping = 5891.7000000000007,
  ping_send = false
}
[5891.650][17:48:23 07.09.2026][Main][INFO] Connected to EMCU {
  computer_id = 1,
  device_name = "EMCU",
  latest_ping = 5891.6500000000005,
  ping_send = false
}
[7385.200][18:13:17 07.09.2026][Main][INFO] Disconnected from EMCU {
  computer_id = 1,
  device_name = "EMCU",
  latest_ping = 7384.2000000000007,
  ping_send = true
}
[7385.200][18:13:17 07.09.2026][Main][INFO] Connected to EMCU {
  computer_id = 1,
  device_name = "EMCU",
  latest_ping = 7385.2000000000007,
  ping_send = false
}
[7385.400][18:13:17 07.09.2026][Main][INFO] Disconnected from EMCU {
  computer_id = 1,
  device_name = "EMCU",
  latest_ping = 7384.4000000000005,
  ping_send = true
}
[7385.350][18:13:17 07.09.2026][Main][INFO] Disconnected from EMCU {
  computer_id = 1,
  device_name = "EMCU",
  latest_ping = 7384.35,
  ping_send = true
}
[7385.400][18:13:17 07.09.2026][Main][INFO] Connected to EMCU {
  computer_id = 1,
  device_name = "EMCU",
  latest_ping = 7385.4000000000005,
  ping_send = false
}
[7385.350][18:13:17 07.09.2026][Main][INFO] Connected to EMCU {
  computer_id = 1,
  device_name = "EMCU",
  latest_ping = 7385.35,
  ping_send = false
}
[232.300][10:26:05 08.09.2026][Main][INFO] Connected to EMCU {
  computer_id = 1,
  device_name = "EMCU",
  latest_ping = 232.3,
  ping_send = false
}
[232.450][10:26:06 08.09.2026][Main][INFO] Connected to EMCU {
  computer_id = 1,
  device_name = "EMCU",
  latest_ping = 232.45000000000002,
  ping_send = false
}
[232.400][10:26:06 08.09.2026][Main][INFO] Connected to EMCU {
  computer_id = 1,
  device_name = "EMCU",
  latest_ping = 232.4,
  ping_send = false
}
[668.750][10:33:22 08.09.2026][Main][INFO] Disconnected from EMCU {
  computer_id = 1,
  device_name = "EMCU",
  latest_ping = 667.75,
  ping_send = true
}
[668.700][10:33:22 08.09.2026][Main][INFO] Disconnected from EMCU {
  computer_id = 1,
  device_name = "EMCU",
  latest_ping = 667.7,
  ping_send = true
}
[668.400][10:33:22 08.09.2026][Main][INFO] Disconnected from EMCU {
  computer_id = 1,
  device_name = "EMCU",
  latest_ping = 667.40000000000009,
  ping_send = true
}
[669.750][10:33:23 08.09.2026][Main][INFO] Connected to EMCU {
  computer_id = 1,
  device_name = "EMCU",
  latest_ping = 669.75,
  ping_send = false
}
[669.700][10:33:23 08.09.2026][Main][INFO] Connected to EMCU {
  computer_id = 1,
  device_name = "EMCU",
  latest_ping = 669.7,
  ping_send = false
}
[669.400][10:33:23 08.09.2026][Main][INFO] Connected to EMCU {
  computer_id = 1,
  device_name = "EMCU",
  latest_ping = 669.40000000000009,
  ping_send = false
}
[4630.250][11:39:25 08.09.2026][Main][INFO] Disconnected from EMCU {
  computer_id = 1,
  device_name = "EMCU",
  latest_ping = 4629.25,
  ping_send = true
}
[4630.200][11:39:25 08.09.2026][Main][INFO] Disconnected from EMCU {
  computer_id = 1,
  device_name = "EMCU",
  latest_ping = 4629.2,
  ping_send = true
}
[4630.250][11:39:25 08.09.2026][Main][INFO] Connected to EMCU {
  computer_id = 1,
  device_name = "EMCU",
  latest_ping = 4630.25,
  ping_send = false
}
[4630.200][11:39:25 08.09.2026][Main][INFO] Connected to EMCU {
  computer_id = 1,
  device_name = "EMCU",
  latest_ping = 4630.2,
  ping_send = false
}
[4629.900][11:39:25 08.09.2026][Main][INFO] Disconnected from EMCU {
  computer_id = 1,
  device_name = "EMCU",
  latest_ping = 4628.9000000000005,
  ping_send = true
}
[4629.900][11:39:25 08.09.2026][Main][INFO] Connected to EMCU {
  computer_id = 1,
  device_name = "EMCU",
  latest_ping = 4629.9000000000005,
  ping_send = false
}
[6649.700][12:13:05 08.09.2026][Main][INFO] Disconnected from EMCU {
  computer_id = 1,
  device_name = "EMCU",
  latest_ping = 6648.7000000000007,
  ping_send = true
}
[6649.700][12:13:05 08.09.2026][Main][INFO] Connected to EMCU {
  computer_id = 1,
  device_name = "EMCU",
  latest_ping = 6649.7000000000007,
  ping_send = false
}
[6650.150][12:13:05 08.09.2026][Main][INFO] Disconnected from EMCU {
  computer_id = 1,
  device_name = "EMCU",
  latest_ping = 6649.1500000000005,
  ping_send = true
}
[6650.100][12:13:05 08.09.2026][Main][INFO] Disconnected from EMCU {
  computer_id = 1,
  device_name = "EMCU",
  latest_ping = 6649.1,
  ping_send = true
}
[6650.150][12:13:05 08.09.2026][Main][INFO] Connected to EMCU {
  computer_id = 1,
  device_name = "EMCU",
  latest_ping = 6650.1500000000005,
  ping_send = false
}
[6650.100][12:13:05 08.09.2026][Main][INFO] Connected to EMCU {
  computer_id = 1,
  device_name = "EMCU",
  latest_ping = 6650.1,
  ping_send = false
}
[6704.900][12:14:00 08.09.2026][Main][INFO] Disconnected from EMCU {
  computer_id = 1,
  device_name = "EMCU",
  latest_ping = 6703.9000000000005,
  ping_send = true
}
[6704.900][12:14:00 08.09.2026][Main][INFO] Connected to EMCU {
  computer_id = 1,
  device_name = "EMCU",
  latest_ping = 6704.9000000000005,
  ping_send = false
}
[6705.350][12:14:00 08.09.2026][Main][INFO] Disconnected from EMCU {
  computer_id = 1,
  device_name = "EMCU",
  latest_ping = 6704.35,
  ping_send = true
}
[6705.300][12:14:00 08.09.2026][Main][INFO] Disconnected from EMCU {
  computer_id = 1,
  device_name = "EMCU",
  latest_ping = 6704.3,
  ping_send = true
}
[6705.350][12:14:00 08.09.2026][Main][INFO] Connected to EMCU {
  computer_id = 1,
  device_name = "EMCU",
  latest_ping = 6705.35,
  ping_send = false
}
[6705.300][12:14:00 08.09.2026][Main][INFO] Connected to EMCU {
  computer_id = 1,
  device_name = "EMCU",
  latest_ping = 6705.3,
  ping_send = false
}
[8425.200][15:04:46 08.09.2026][Main][INFO] Disconnected from EMCU {
  computer_id = 1,
  device_name = "EMCU",
  latest_ping = 8424.2,
  ping_send = true
}
[8425.650][15:04:46 08.09.2026][Main][INFO] Disconnected from EMCU {
  computer_id = 1,
  device_name = "EMCU",
  latest_ping = 8424.65,
  ping_send = true
}
[8425.600][15:04:46 08.09.2026][Main][INFO] Disconnected from EMCU {
  computer_id = 1,
  device_name = "EMCU",
  latest_ping = 8424.6,
  ping_send = true
}
[8426.200][15:04:47 08.09.2026][Main][INFO] Connected to EMCU {
  computer_id = 1,
  device_name = "EMCU",
  latest_ping = 8426.2,
  ping_send = false
}
[8426.650][15:04:47 08.09.2026][Main][INFO] Connected to EMCU {
  computer_id = 1,
  device_name = "EMCU",
  latest_ping = 8426.65,
  ping_send = false
}
[8426.600][15:04:47 08.09.2026][Main][INFO] Connected to EMCU {
  computer_id = 1,
  device_name = "EMCU",
  latest_ping = 8426.6,
  ping_send = false
}
[8475.100][15:05:35 08.09.2026][Main][INFO] Disconnected from EMCU {
  computer_id = 1,
  device_name = "EMCU",
  latest_ping = 8474.1,
  ping_send = true
}
[8475.550][15:05:35 08.09.2026][Main][INFO] Disconnected from EMCU {
  computer_id = 1,
  device_name = "EMCU",
  latest_ping = 8474.5500000000011,
  ping_send = true
}
[8475.500][15:05:35 08.09.2026][Main][INFO] Disconnected from EMCU {
  computer_id = 1,
  device_name = "EMCU",
  latest_ping = 8474.5,
  ping_send = true
}
[9139.100][15:37:19 08.09.2026][Main][INFO] Connected to EMCU {
  computer_id = 1,
  device_name = "EMCU",
  latest_ping = 9139.1,
  ping_send = false
}
[9139.550][15:37:20 08.09.2026][Main][INFO] Connected to EMCU {
  computer_id = 1,
  device_name = "EMCU",
  latest_ping = 9139.5500000000011,
  ping_send = false
}
[9139.500][15:37:20 08.09.2026][Main][INFO] Connected to EMCU {
  computer_id = 1,
  device_name = "EMCU",
  latest_ping = 9139.5,
  ping_send = false
}
[9140.100][15:37:20 08.09.2026][Main][INFO] Disconnected from EMCU {
  computer_id = 1,
  device_name = "EMCU",
  latest_ping = 9139.1,
  ping_send = true
}
[9140.500][15:37:21 08.09.2026][Main][INFO] Disconnected from EMCU {
  computer_id = 1,
  device_name = "EMCU",
  latest_ping = 9139.5,
  ping_send = true
}
[9140.550][15:37:21 08.09.2026][Main][INFO] Disconnected from EMCU {
  computer_id = 1,
  device_name = "EMCU",
  latest_ping = 9139.5500000000011,
  ping_send = true
}
[9172.100][15:37:52 08.09.2026][Main][INFO] Connected to EMCU {
  computer_id = 1,
  device_name = "EMCU",
  latest_ping = 9172.1,
  ping_send = false
}
[9172.550][15:37:53 08.09.2026][Main][INFO] Connected to EMCU {
  computer_id = 1,
  device_name = "EMCU",
  latest_ping = 9172.5500000000011,
  ping_send = false
}
[9172.500][15:37:53 08.09.2026][Main][INFO] Connected to EMCU {
  computer_id = 1,
  device_name = "EMCU",
  latest_ping = 9172.5,
  ping_send = false
}
[9213.000][15:38:33 08.09.2026][Main][INFO] Disconnected from EMCU {
  computer_id = 1,
  device_name = "EMCU",
  latest_ping = 9212,
  ping_send = true
}
[9213.000][15:38:33 08.09.2026][Main][INFO] Connected to EMCU {
  computer_id = 1,
  device_name = "EMCU",
  latest_ping = 9213,
  ping_send = false
}
[9213.450][15:38:33 08.09.2026][Main][INFO] Disconnected from EMCU {
  computer_id = 1,
  device_name = "EMCU",
  latest_ping = 9212.45,
  ping_send = true
}
[9213.400][15:38:33 08.09.2026][Main][INFO] Disconnected from EMCU {
  computer_id = 1,
  device_name = "EMCU",
  latest_ping = 9212.4,
  ping_send = true
}
[9213.450][15:38:33 08.09.2026][Main][INFO] Connected to EMCU {
  computer_id = 1,
  device_name = "EMCU",
  latest_ping = 9213.45,
  ping_send = false
}
[9213.400][15:38:33 08.09.2026][Main][INFO] Connected to EMCU {
  computer_id = 1,
  device_name = "EMCU",
  latest_ping = 9213.4,
  ping_send = false
}
[9214.000][15:38:34 08.09.2026][Main][INFO] Disconnected from EMCU {
  computer_id = 1,
  device_name = "EMCU",
  latest_ping = 9213,
  ping_send = true
}
[9214.450][15:38:34 08.09.2026][Main][INFO] Disconnected from EMCU {
  computer_id = 1,
  device_name = "EMCU",
  latest_ping = 9213.45,
  ping_send = true
}
[9214.400][15:38:34 08.09.2026][Main][INFO] Disconnected from EMCU {
  computer_id = 1,
  device_name = "EMCU",
  latest_ping = 9213.4,
  ping_send = true
}
[9266.000][15:39:26 08.09.2026][Main][INFO] Connected to EMCU {
  computer_id = 1,
  device_name = "EMCU",
  latest_ping = 9266,
  ping_send = false
}
[9266.450][15:39:26 08.09.2026][Main][INFO] Connected to EMCU {
  computer_id = 1,
  device_name = "EMCU",
  latest_ping = 9266.45,
  ping_send = false
}
[9266.400][15:39:26 08.09.2026][Main][INFO] Connected to EMCU {
  computer_id = 1,
  device_name = "EMCU",
  latest_ping = 9266.4,
  ping_send = false
}
[9446.700][15:42:27 08.09.2026][Main][INFO] Disconnected from EMCU {
  computer_id = 1,
  device_name = "EMCU",
  latest_ping = 9445.7,
  ping_send = true
}
[9447.150][15:42:27 08.09.2026][Main][INFO] Disconnected from EMCU {
  computer_id = 1,
  device_name = "EMCU",
  latest_ping = 9446.15,
  ping_send = true
}
[9447.100][15:42:27 08.09.2026][Main][INFO] Disconnected from EMCU {
  computer_id = 1,
  device_name = "EMCU",
  latest_ping = 9446.1,
  ping_send = true
}
[9452.700][15:42:33 08.09.2026][Main][INFO] Connected to EMCU {
  computer_id = 1,
  device_name = "EMCU",
  latest_ping = 9452.7,
  ping_send = false
}
[9453.150][15:42:33 08.09.2026][Main][INFO] Connected to EMCU {
  computer_id = 1,
  device_name = "EMCU",
  latest_ping = 9453.15,
  ping_send = false
}
[9453.100][15:42:33 08.09.2026][Main][INFO] Connected to EMCU {
  computer_id = 1,
  device_name = "EMCU",
  latest_ping = 9453.1,
  ping_send = false
}
[9453.700][15:42:34 08.09.2026][Main][INFO] Disconnected from EMCU {
  computer_id = 1,
  device_name = "EMCU",
  latest_ping = 9452.7,
  ping_send = true
}
[9454.150][15:42:34 08.09.2026][Main][INFO] Disconnected from EMCU {
  computer_id = 1,
  device_name = "EMCU",
  latest_ping = 9453.15,
  ping_send = true
}
[9454.100][15:42:34 08.09.2026][Main][INFO] Disconnected from EMCU {
  computer_id = 1,
  device_name = "EMCU",
  latest_ping = 9453.1,
  ping_send = true
}
[9531.700][15:43:52 08.09.2026][Main][INFO] Connected to EMCU {
  computer_id = 1,
  device_name = "EMCU",
  latest_ping = 9531.7,
  ping_send = false
}
[9532.150][15:43:52 08.09.2026][Main][INFO] Connected to EMCU {
  computer_id = 1,
  device_name = "EMCU",
  latest_ping = 9532.15,
  ping_send = false
}
[9532.100][15:43:52 08.09.2026][Main][INFO] Connected to EMCU {
  computer_id = 1,
  device_name = "EMCU",
  latest_ping = 9532.1,
  ping_send = false
}
[9532.700][15:43:53 08.09.2026][Main][INFO] Disconnected from EMCU {
  computer_id = 1,
  device_name = "EMCU",
  latest_ping = 9531.7,
  ping_send = true
}
[9533.150][15:43:53 08.09.2026][Main][INFO] Disconnected from EMCU {
  computer_id = 1,
  device_name = "EMCU",
  latest_ping = 9532.15,
  ping_send = true
}
[9533.100][15:43:53 08.09.2026][Main][INFO] Disconnected from EMCU {
  computer_id = 1,
  device_name = "EMCU",
  latest_ping = 9532.1,
  ping_send = true
}
[9603.700][15:45:04 08.09.2026][Main][INFO] Connected to EMCU {
  computer_id = 1,
  device_name = "EMCU",
  latest_ping = 9603.7,
  ping_send = false
}
[9604.150][15:45:04 08.09.2026][Main][INFO] Connected to EMCU {
  computer_id = 1,
  device_name = "EMCU",
  latest_ping = 9604.15,
  ping_send = false
}
[9604.100][15:45:04 08.09.2026][Main][INFO] Connected to EMCU {
  computer_id = 1,
  device_name = "EMCU",
  latest_ping = 9604.1,
  ping_send = false
}
[9604.700][15:45:05 08.09.2026][Main][INFO] Disconnected from EMCU {
  computer_id = 1,
  device_name = "EMCU",
  latest_ping = 9603.7,
  ping_send = true
}
[9605.150][15:45:05 08.09.2026][Main][INFO] Disconnected from EMCU {
  computer_id = 1,
  device_name = "EMCU",
  latest_ping = 9604.15,
  ping_send = true
}
[9605.100][15:45:05 08.09.2026][Main][INFO] Disconnected from EMCU {
  computer_id = 1,
  device_name = "EMCU",
  latest_ping = 9604.1,
  ping_send = true
}
[9675.700][15:46:16 08.09.2026][Main][INFO] Connected to EMCU {
  computer_id = 1,
  device_name = "EMCU",
  latest_ping = 9675.7,
  ping_send = false
}
[9676.150][15:46:16 08.09.2026][Main][INFO] Connected to EMCU {
  computer_id = 1,
  device_name = "EMCU",
  latest_ping = 9676.15,
  ping_send = false
}
[9676.100][15:46:16 08.09.2026][Main][INFO] Connected to EMCU {
  computer_id = 1,
  device_name = "EMCU",
  latest_ping = 9676.1,
  ping_send = false
}
[9676.700][15:46:17 08.09.2026][Main][INFO] Disconnected from EMCU {
  computer_id = 1,
  device_name = "EMCU",
  latest_ping = 9675.7,
  ping_send = true
}
[9677.150][15:46:17 08.09.2026][Main][INFO] Disconnected from EMCU {
  computer_id = 1,
  device_name = "EMCU",
  latest_ping = 9676.15,
  ping_send = true
}
[9677.100][15:46:17 08.09.2026][Main][INFO] Disconnected from EMCU {
  computer_id = 1,
  device_name = "EMCU",
  latest_ping = 9676.1,
  ping_send = true
}
[9750.700][15:47:31 08.09.2026][Main][INFO] Connected to EMCU {
  computer_id = 1,
  device_name = "EMCU",
  latest_ping = 9750.7,
  ping_send = false
}
[9751.150][15:47:31 08.09.2026][Main][INFO] Connected to EMCU {
  computer_id = 1,
  device_name = "EMCU",
  latest_ping = 9751.15,
  ping_send = false
}
[9751.100][15:47:31 08.09.2026][Main][INFO] Connected to EMCU {
  computer_id = 1,
  device_name = "EMCU",
  latest_ping = 9751.1,
  ping_send = false
}
[11773.650][16:21:14 08.09.2026][Main][INFO] Disconnected from EMCU {
  computer_id = 1,
  device_name = "EMCU",
  latest_ping = 11772.650000000001,
  ping_send = true
}
[11773.600][16:21:14 08.09.2026][Main][INFO] Disconnected from EMCU {
  computer_id = 1,
  device_name = "EMCU",
  latest_ping = 11772.6,
  ping_send = true
}
[11773.300][16:21:14 08.09.2026][Main][INFO] Disconnected from EMCU {
  computer_id = 1,
  device_name = "EMCU",
  latest_ping = 11772.300000000001,
  ping_send = true
}
[11774.650][16:21:15 08.09.2026][Main][INFO] Connected to EMCU {
  computer_id = 1,
  device_name = "EMCU",
  latest_ping = 11774.650000000001,
  ping_send = false
}
[11774.600][16:21:15 08.09.2026][Main][INFO] Connected to EMCU {
  computer_id = 1,
  device_name = "EMCU",
  latest_ping = 11774.6,
  ping_send = false
}
[11774.300][16:21:15 08.09.2026][Main][INFO] Connected to EMCU {
  computer_id = 1,
  device_name = "EMCU",
  latest_ping = 11774.300000000001,
  ping_send = false
}
[11805.350][16:21:45 08.09.2026][Main][INFO] Disconnected from EMCU {
  computer_id = 1,
  device_name = "EMCU",
  latest_ping = 11804.35,
  ping_send = true
}
[11805.300][16:21:45 08.09.2026][Main][INFO] Disconnected from EMCU {
  computer_id = 1,
  device_name = "EMCU",
  latest_ping = 11804.300000000001,
  ping_send = true
}
[11805.000][16:21:45 08.09.2026][Main][INFO] Disconnected from EMCU {
  computer_id = 1,
  device_name = "EMCU",
  latest_ping = 11804,
  ping_send = true
}
[11819.350][16:21:59 08.09.2026][Main][INFO] Connected to EMCU {
  computer_id = 1,
  device_name = "EMCU",
  latest_ping = 11819.35,
  ping_send = false
}
[11819.300][16:21:59 08.09.2026][Main][INFO] Connected to EMCU {
  computer_id = 1,
  device_name = "EMCU",
  latest_ping = 11819.300000000001,
  ping_send = false
}
[11819.000][16:21:59 08.09.2026][Main][INFO] Connected to EMCU {
  computer_id = 1,
  device_name = "EMCU",
  latest_ping = 11819,
  ping_send = false
}
[11901.300][16:23:22 08.09.2026][Main][INFO] Disconnected from EMCU {
  computer_id = 1,
  device_name = "EMCU",
  latest_ping = 11900.300000000001,
  ping_send = true
}
[11901.750][16:23:22 08.09.2026][Main][INFO] Disconnected from EMCU {
  computer_id = 1,
  device_name = "EMCU",
  latest_ping = 11900.75,
  ping_send = true
}
[11901.700][16:23:22 08.09.2026][Main][INFO] Disconnected from EMCU {
  computer_id = 1,
  device_name = "EMCU",
  latest_ping = 11900.7,
  ping_send = true
}
[11907.300][16:23:28 08.09.2026][Main][INFO] Connected to EMCU {
  computer_id = 1,
  device_name = "EMCU",
  latest_ping = 11907.300000000001,
  ping_send = false
}
[11907.750][16:23:28 08.09.2026][Main][INFO] Connected to EMCU {
  computer_id = 1,
  device_name = "EMCU",
  latest_ping = 11907.75,
  ping_send = false
}
[11907.700][16:23:28 08.09.2026][Main][INFO] Connected to EMCU {
  computer_id = 1,
  device_name = "EMCU",
  latest_ping = 11907.7,
  ping_send = false
}
[12043.750][16:25:44 08.09.2026][Main][INFO] Disconnected from EMCU {
  computer_id = 1,
  device_name = "EMCU",
  latest_ping = 12042.75,
  ping_send = true
}
[12043.700][16:25:44 08.09.2026][Main][INFO] Disconnected from EMCU {
  computer_id = 1,
  device_name = "EMCU",
  latest_ping = 12042.7,
  ping_send = true
}
[12043.400][16:25:44 08.09.2026][Main][INFO] Disconnected from EMCU {
  computer_id = 1,
  device_name = "EMCU",
  latest_ping = 12042.400000000001,
  ping_send = true
}
[12531.750][16:43:00 08.09.2026][Main][INFO] Connected to EMCU {
  computer_id = 1,
  device_name = "EMCU",
  latest_ping = 12531.75,
  ping_send = false
}
[12531.700][16:43:00 08.09.2026][Main][INFO] Connected to EMCU {
  computer_id = 1,
  device_name = "EMCU",
  latest_ping = 12531.7,
  ping_send = false
}
[12531.400][16:43:00 08.09.2026][Main][INFO] Connected to EMCU {
  computer_id = 1,
  device_name = "EMCU",
  latest_ping = 12531.400000000001,
  ping_send = false
}
[12535.850][16:43:04 08.09.2026][Main][INFO] Disconnected from EMCU {
  computer_id = 1,
  device_name = "EMCU",
  latest_ping = 12534.85,
  ping_send = true
}
[12535.800][16:43:04 08.09.2026][Main][INFO] Disconnected from EMCU {
  computer_id = 1,
  device_name = "EMCU",
  latest_ping = 12534.800000000001,
  ping_send = true
}
[12535.500][16:43:04 08.09.2026][Main][INFO] Disconnected from EMCU {
  computer_id = 1,
  device_name = "EMCU",
  latest_ping = 12534.5,
  ping_send = true
}
[12581.500][16:43:50 08.09.2026][Main][INFO] Connected to EMCU {
  computer_id = 1,
  device_name = "EMCU",
  latest_ping = 12581.5,
  ping_send = false
}
[12582.850][16:43:51 08.09.2026][Main][INFO] Connected to EMCU {
  computer_id = 1,
  device_name = "EMCU",
  latest_ping = 12582.85,
  ping_send = false
}
[12582.800][16:43:51 08.09.2026][Main][INFO] Connected to EMCU {
  computer_id = 1,
  device_name = "EMCU",
  latest_ping = 12582.800000000001,
  ping_send = false
}
[12584.950][16:43:53 08.09.2026][Main][INFO] Disconnected from EMCU {
  computer_id = 1,
  device_name = "EMCU",
  latest_ping = 12583.95,
  ping_send = true
}
[12584.900][16:43:53 08.09.2026][Main][INFO] Disconnected from EMCU {
  computer_id = 1,
  device_name = "EMCU",
  latest_ping = 12583.900000000001,
  ping_send = true
}
[12584.600][16:43:53 08.09.2026][Main][INFO] Disconnected from EMCU {
  computer_id = 1,
  device_name = "EMCU",
  latest_ping = 12583.6,
  ping_send = true
}
[12602.950][16:44:11 08.09.2026][Main][INFO] Connected to EMCU {
  computer_id = 1,
  device_name = "EMCU",
  latest_ping = 12602.95,
  ping_send = false
}
[12602.900][16:44:11 08.09.2026][Main][INFO] Connected to EMCU {
  computer_id = 1,
  device_name = "EMCU",
  latest_ping = 12602.900000000001,
  ping_send = false
}
[12602.600][16:44:11 08.09.2026][Main][INFO] Connected to EMCU {
  computer_id = 1,
  device_name = "EMCU",
  latest_ping = 12602.6,
  ping_send = false
}
[12690.050][16:45:38 08.09.2026][Main][INFO] Disconnected from EMCU {
  computer_id = 1,
  device_name = "EMCU",
  latest_ping = 12689.050000000001,
  ping_send = true
}
[12690.000][16:45:38 08.09.2026][Main][INFO] Disconnected from EMCU {
  computer_id = 1,
  device_name = "EMCU",
  latest_ping = 12689,
  ping_send = true
}
[12689.700][16:45:38 08.09.2026][Main][INFO] Disconnected from EMCU {
  computer_id = 1,
  device_name = "EMCU",
  latest_ping = 12688.7,
  ping_send = true
}
[12838.000][16:48:06 08.09.2026][Main][INFO] Connected to EMCU {
  computer_id = 1,
  device_name = "EMCU",
  latest_ping = 12838,
  ping_send = false
}
[12838.050][16:48:06 08.09.2026][Main][INFO] Connected to EMCU {
  computer_id = 1,
  device_name = "EMCU",
  latest_ping = 12838.050000000001,
  ping_send = false
}
[12837.700][16:48:06 08.09.2026][Main][INFO] Connected to EMCU {
  computer_id = 1,
  device_name = "EMCU",
  latest_ping = 12837.7,
  ping_send = false
}
[13037.300][16:51:26 08.09.2026][Main][INFO] Disconnected from EMCU {
  computer_id = 1,
  device_name = "EMCU",
  latest_ping = 13036.300000000001,
  ping_send = true
}
[13037.750][16:51:26 08.09.2026][Main][INFO] Disconnected from EMCU {
  computer_id = 1,
  device_name = "EMCU",
  latest_ping = 13036.75,
  ping_send = true
}
[13037.700][16:51:26 08.09.2026][Main][INFO] Disconnected from EMCU {
  computer_id = 1,
  device_name = "EMCU",
  latest_ping = 13036.7,
  ping_send = true
}
[13566.300][17:01:39 08.09.2026][Main][INFO] Connected to EMCU {
  computer_id = 1,
  device_name = "EMCU",
  latest_ping = 13566.300000000001,
  ping_send = false
}
[13566.750][17:01:39 08.09.2026][Main][INFO] Connected to EMCU {
  computer_id = 1,
  device_name = "EMCU",
  latest_ping = 13566.75,
  ping_send = false
}
[13566.700][17:01:39 08.09.2026][Main][INFO] Connected to EMCU {
  computer_id = 1,
  device_name = "EMCU",
  latest_ping = 13566.7,
  ping_send = false
}
[13583.150][17:01:55 08.09.2026][Main][INFO] Disconnected from EMCU {
  computer_id = 1,
  device_name = "EMCU",
  latest_ping = 13582.150000000001,
  ping_send = true
}
[13583.100][17:01:55 08.09.2026][Main][INFO] Disconnected from EMCU {
  computer_id = 1,
  device_name = "EMCU",
  latest_ping = 13582.1,
  ping_send = true
}
[13582.800][17:01:55 08.09.2026][Main][INFO] Disconnected from EMCU {
  computer_id = 1,
  device_name = "EMCU",
  latest_ping = 13581.800000000001,
  ping_send = true
}
[13946.150][17:07:58 08.09.2026][Main][INFO] Connected to EMCU {
  computer_id = 1,
  device_name = "EMCU",
  latest_ping = 13946.150000000001,
  ping_send = false
}
[13946.100][17:07:58 08.09.2026][Main][INFO] Connected to EMCU {
  computer_id = 1,
  device_name = "EMCU",
  latest_ping = 13946.1,
  ping_send = false
}
[13945.800][17:07:58 08.09.2026][Main][INFO] Connected to EMCU {
  computer_id = 1,
  device_name = "EMCU",
  latest_ping = 13945.800000000001,
  ping_send = false
}
[14304.750][17:13:57 08.09.2026][Main][INFO] Disconnected from EMCU {
  computer_id = 1,
  device_name = "EMCU",
  latest_ping = 14303.75,
  ping_send = true
}
[14304.700][17:13:57 08.09.2026][Main][INFO] Disconnected from EMCU {
  computer_id = 1,
  device_name = "EMCU",
  latest_ping = 14303.7,
  ping_send = true
}
[14304.750][17:13:57 08.09.2026][Main][INFO] Connected to EMCU {
  computer_id = 1,
  device_name = "EMCU",
  latest_ping = 14304.75,
  ping_send = false
}
[14304.700][17:13:57 08.09.2026][Main][INFO] Connected to EMCU {
  computer_id = 1,
  device_name = "EMCU",
  latest_ping = 14304.7,
  ping_send = false
}
[14304.400][17:13:57 08.09.2026][Main][INFO] Disconnected from EMCU {
  computer_id = 1,
  device_name = "EMCU",
  latest_ping = 14303.400000000001,
  ping_send = true
}
[14304.400][17:13:57 08.09.2026][Main][INFO] Connected to EMCU {
  computer_id = 1,
  device_name = "EMCU",
  latest_ping = 14304.400000000001,
  ping_send = false
}
[14319.850][17:14:12 08.09.2026][Main][INFO] Disconnected from EMCU {
  computer_id = 1,
  device_name = "EMCU",
  latest_ping = 14318.85,
  ping_send = true
}
[14319.450][17:14:12 08.09.2026][Main][INFO] Disconnected from EMCU {
  computer_id = 1,
  device_name = "EMCU",
  latest_ping = 14318.400000000001,
  ping_send = true
}
[14319.800][17:14:12 08.09.2026][Main][INFO] Disconnected from EMCU {
  computer_id = 1,
  device_name = "EMCU",
  latest_ping = 14318.800000000001,
  ping_send = true
}
[14383.450][17:15:16 08.09.2026][Main][INFO] Connected to EMCU {
  computer_id = 1,
  device_name = "EMCU",
  latest_ping = 14383.45,
  ping_send = false
}
[14383.850][17:15:16 08.09.2026][Main][INFO] Connected to EMCU {
  computer_id = 1,
  device_name = "EMCU",
  latest_ping = 14383.85,
  ping_send = false
}
[14383.800][17:15:16 08.09.2026][Main][INFO] Connected to EMCU {
  computer_id = 1,
  device_name = "EMCU",
  latest_ping = 14383.800000000001,
  ping_send = false
}
[81.050][19:41:39 08.09.2026][Main][INFO] Connected to EMCU {
  computer_id = 1,
  device_name = "EMCU",
  latest_ping = 81.050000000000011,
  ping_send = false
}
[89.200][19:41:47 08.09.2026][Main][INFO] Connected to EMCU {
  computer_id = 1,
  device_name = "EMCU",
  latest_ping = 89.2,
  ping_send = false
}
[93.450][19:41:52 08.09.2026][Main][INFO] Connected to EMCU {
  computer_id = 1,
  device_name = "EMCU",
  latest_ping = 93.45,
  ping_send = false
}
[676.150][12:01:05 09.09.2026][Main][INFO] Connected to EMCU {
  computer_id = 1,
  device_name = "EMCU",
  latest_ping = 676.15000000000009,
  ping_send = false
}
[676.400][12:01:06 09.09.2026][Main][INFO] Connected to EMCU {
  computer_id = 1,
  device_name = "EMCU",
  latest_ping = 676.40000000000009,
  ping_send = false
}
[676.300][12:01:06 09.09.2026][Main][INFO] Connected to EMCU {
  computer_id = 1,
  device_name = "EMCU",
  latest_ping = 676.30000000000007,
  ping_send = false
}
[677.400][12:01:07 09.09.2026][Main][INFO] Disconnected from EMCU {
  computer_id = 1,
  device_name = "EMCU",
  latest_ping = 676.40000000000009,
  ping_send = true
}
[677.450][12:01:07 09.09.2026][Main][INFO] Disconnected from EMCU {
  computer_id = 1,
  device_name = "EMCU",
  latest_ping = 676.45,
  ping_send = true
}
[677.300][12:01:07 09.09.2026][Main][INFO] Disconnected from EMCU {
  computer_id = 1,
  device_name = "EMCU",
  latest_ping = 676.30000000000007,
  ping_send = true
}
[721.400][12:01:51 09.09.2026][Main][INFO] Connected to EMCU {
  computer_id = 1,
  device_name = "EMCU",
  latest_ping = 721.40000000000009,
  ping_send = false
}
[721.450][12:01:51 09.09.2026][Main][INFO] Connected to EMCU {
  computer_id = 1,
  device_name = "EMCU",
  latest_ping = 721.45,
  ping_send = false
}
[721.300][12:01:51 09.09.2026][Main][INFO] Connected to EMCU {
  computer_id = 1,
  device_name = "EMCU",
  latest_ping = 721.30000000000007,
  ping_send = false
}
[736.000][12:02:05 09.09.2026][Main][INFO] Disconnected from EMCU {
  computer_id = 1,
  device_name = "EMCU",
  latest_ping = 735,
  ping_send = true
}
[735.800][12:02:05 09.09.2026][Main][INFO] Disconnected from EMCU {
  computer_id = 1,
  device_name = "EMCU",
  latest_ping = 734.80000000000007,
  ping_send = true
}
[736.050][12:02:05 09.09.2026][Main][INFO] Disconnected from EMCU {
  computer_id = 1,
  device_name = "EMCU",
  latest_ping = 735.05000000000007,
  ping_send = true
}
[760.000][12:02:29 09.09.2026][Main][INFO] Connected to EMCU {
  computer_id = 1,
  device_name = "EMCU",
  latest_ping = 760,
  ping_send = false
}
[759.800][12:02:29 09.09.2026][Main][INFO] Connected to EMCU {
  computer_id = 1,
  device_name = "EMCU",
  latest_ping = 759.80000000000007,
  ping_send = false
}
[760.050][12:02:29 09.09.2026][Main][INFO] Connected to EMCU {
  computer_id = 1,
  device_name = "EMCU",
  latest_ping = 760.05000000000007,
  ping_send = false
}
[783.450][12:02:53 09.09.2026][Main][INFO] Disconnected from EMCU {
  computer_id = 1,
  device_name = "EMCU",
  latest_ping = 782.45,
  ping_send = true
}
[783.400][12:02:53 09.09.2026][Main][INFO] Disconnected from EMCU {
  computer_id = 1,
  device_name = "EMCU",
  latest_ping = 782.40000000000009,
  ping_send = true
}
[783.200][12:02:53 09.09.2026][Main][INFO] Disconnected from EMCU {
  computer_id = 1,
  device_name = "EMCU",
  latest_ping = 782.2,
  ping_send = true
}
[792.400][12:03:02 09.09.2026][Main][INFO] Connected to EMCU {
  computer_id = 1,
  device_name = "EMCU",
  latest_ping = 792.40000000000009,
  ping_send = false
}
[792.200][12:03:02 09.09.2026][Main][INFO] Connected to EMCU {
  computer_id = 1,
  device_name = "EMCU",
  latest_ping = 792.2,
  ping_send = false
}
[792.450][12:03:02 09.09.2026][Main][INFO] Connected to EMCU {
  computer_id = 1,
  device_name = "EMCU",
  latest_ping = 792.45,
  ping_send = false
}
[797.400][12:03:07 09.09.2026][Main][INFO] Disconnected from EMCU {
  computer_id = 1,
  device_name = "EMCU",
  latest_ping = 796.40000000000009,
  ping_send = true
}
[797.200][12:03:07 09.09.2026][Main][INFO] Disconnected from EMCU {
  computer_id = 1,
  device_name = "EMCU",
  latest_ping = 796.2,
  ping_send = true
}
[797.450][12:03:07 09.09.2026][Main][INFO] Disconnected from EMCU {
  computer_id = 1,
  device_name = "EMCU",
  latest_ping = 796.45,
  ping_send = true
}
[951.400][12:05:41 09.09.2026][Main][INFO] Connected to EMCU {
  computer_id = 1,
  device_name = "EMCU",
  latest_ping = 951.40000000000009,
  ping_send = false
}
[951.200][12:05:41 09.09.2026][Main][INFO] Connected to EMCU {
  computer_id = 1,
  device_name = "EMCU",
  latest_ping = 951.2,
  ping_send = false
}
[951.450][12:05:41 09.09.2026][Main][INFO] Connected to EMCU {
  computer_id = 1,
  device_name = "EMCU",
  latest_ping = 951.45,
  ping_send = false
}
[1226.400][12:50:25 09.09.2026][Main][INFO] Disconnected from EMCU {
  computer_id = 1,
  device_name = "EMCU",
  latest_ping = 1225.4,
  ping_send = true
}
[1226.600][12:50:25 09.09.2026][Main][INFO] Disconnected from EMCU {
  computer_id = 1,
  device_name = "EMCU",
  latest_ping = 1225.6000000000001,
  ping_send = true
}
[1226.650][12:50:25 09.09.2026][Main][INFO] Disconnected from EMCU {
  computer_id = 1,
  device_name = "EMCU",
  latest_ping = 1225.65,
  ping_send = true
}
[1226.400][12:50:25 09.09.2026][Main][INFO] Connected to EMCU {
  computer_id = 1,
  device_name = "EMCU",
  latest_ping = 1226.4,
  ping_send = false
}
[1226.600][12:50:25 09.09.2026][Main][INFO] Connected to EMCU {
  computer_id = 1,
  device_name = "EMCU",
  latest_ping = 1226.6000000000001,
  ping_send = false
}
[1226.650][12:50:25 09.09.2026][Main][INFO] Connected to EMCU {
  computer_id = 1,
  device_name = "EMCU",
  latest_ping = 1226.65,
  ping_send = false
}
[2641.100][13:14:00 09.09.2026][Main][INFO] Disconnected from EMCU {
  computer_id = 1,
  device_name = "EMCU",
  latest_ping = 2640.1000000000004,
  ping_send = true
}
[2640.900][13:14:00 09.09.2026][Main][INFO] Disconnected from EMCU {
  computer_id = 1,
  device_name = "EMCU",
  latest_ping = 2639.9,
  ping_send = true
}
[2641.150][13:14:00 09.09.2026][Main][INFO] Disconnected from EMCU {
  computer_id = 1,
  device_name = "EMCU",
  latest_ping = 2640.15,
  ping_send = true
}
[2652.100][13:14:11 09.09.2026][Main][INFO] Connected to EMCU {
  computer_id = 1,
  device_name = "EMCU",
  latest_ping = 2652.1000000000004,
  ping_send = false
}
[2651.900][13:14:11 09.09.2026][Main][INFO] Connected to EMCU {
  computer_id = 1,
  device_name = "EMCU",
  latest_ping = 2651.9,
  ping_send = false
}
[2652.150][13:14:11 09.09.2026][Main][INFO] Connected to EMCU {
  computer_id = 1,
  device_name = "EMCU",
  latest_ping = 2652.15,
  ping_send = false
}
[2750.300][13:15:49 09.09.2026][Main][INFO] Disconnected from EMCU {
  computer_id = 1,
  device_name = "EMCU",
  latest_ping = 2749.3,
  ping_send = true
}
[2750.100][13:15:49 09.09.2026][Main][INFO] Disconnected from EMCU {
  computer_id = 1,
  device_name = "EMCU",
  latest_ping = 2749.1000000000004,
  ping_send = true
}
[2750.350][13:15:49 09.09.2026][Main][INFO] Disconnected from EMCU {
  computer_id = 1,
  device_name = "EMCU",
  latest_ping = 2749.3500000000004,
  ping_send = true
}
[5832.300][14:08:31 09.09.2026][Main][INFO] Connected to EMCU {
  computer_id = 1,
  device_name = "EMCU",
  latest_ping = 5832.3,
  ping_send = false
}
[5832.100][14:08:31 09.09.2026][Main][INFO] Connected to EMCU {
  computer_id = 1,
  device_name = "EMCU",
  latest_ping = 5832.1,
  ping_send = false
}
[5832.350][14:08:31 09.09.2026][Main][INFO] Connected to EMCU {
  computer_id = 1,
  device_name = "EMCU",
  latest_ping = 5832.35,
  ping_send = false
}
[5864.900][14:09:04 09.09.2026][Main][INFO] Disconnected from EMCU {
  computer_id = 1,
  device_name = "EMCU",
  latest_ping = 5863.9000000000005,
  ping_send = true
}
[5864.700][14:09:04 09.09.2026][Main][INFO] Disconnected from EMCU {
  computer_id = 1,
  device_name = "EMCU",
  latest_ping = 5863.7000000000007,
  ping_send = true
}
[5864.950][14:09:04 09.09.2026][Main][INFO] Disconnected from EMCU {
  computer_id = 1,
  device_name = "EMCU",
  latest_ping = 5863.9500000000007,
  ping_send = true
}
[5916.900][14:09:56 09.09.2026][Main][INFO] Connected to EMCU {
  computer_id = 1,
  device_name = "EMCU",
  latest_ping = 5916.9000000000005,
  ping_send = false
}
[5916.700][14:09:56 09.09.2026][Main][INFO] Connected to EMCU {
  computer_id = 1,
  device_name = "EMCU",
  latest_ping = 5916.7000000000007,
  ping_send = false
}
[5916.950][14:09:56 09.09.2026][Main][INFO] Connected to EMCU {
  computer_id = 1,
  device_name = "EMCU",
  latest_ping = 5916.9500000000007,
  ping_send = false
}
[6017.200][14:11:36 09.09.2026][Main][INFO] Disconnected from EMCU {
  computer_id = 1,
  device_name = "EMCU",
  latest_ping = 6016.2000000000007,
  ping_send = true
}
[6017.000][14:11:36 09.09.2026][Main][INFO] Disconnected from EMCU {
  computer_id = 1,
  device_name = "EMCU",
  latest_ping = 6016,
  ping_send = true
}
[6017.250][14:11:36 09.09.2026][Main][INFO] Disconnected from EMCU {
  computer_id = 1,
  device_name = "EMCU",
  latest_ping = 6016.25,
  ping_send = true
}
[6646.200][14:22:05 09.09.2026][Main][INFO] Connected to EMCU {
  computer_id = 1,
  device_name = "EMCU",
  latest_ping = 6646.2000000000007,
  ping_send = false
}
[6646.000][14:22:05 09.09.2026][Main][INFO] Connected to EMCU {
  computer_id = 1,
  device_name = "EMCU",
  latest_ping = 6646,
  ping_send = false
}
[6646.250][14:22:05 09.09.2026][Main][INFO] Connected to EMCU {
  computer_id = 1,
  device_name = "EMCU",
  latest_ping = 6646.25,
  ping_send = false
}
[6729.400][14:23:28 09.09.2026][Main][INFO] Disconnected from EMCU {
  computer_id = 1,
  device_name = "EMCU",
  latest_ping = 6728.4000000000005,
  ping_send = true
}
[6729.200][14:23:28 09.09.2026][Main][INFO] Disconnected from EMCU {
  computer_id = 1,
  device_name = "EMCU",
  latest_ping = 6728.2000000000007,
  ping_send = true
}
[6729.450][14:23:28 09.09.2026][Main][INFO] Disconnected from EMCU {
  computer_id = 1,
  device_name = "EMCU",
  latest_ping = 6728.4500000000007,
  ping_send = true
}
[6731.400][14:23:30 09.09.2026][Main][INFO] Connected to EMCU {
  computer_id = 1,
  device_name = "EMCU",
  latest_ping = 6731.4000000000005,
  ping_send = false
}
[6731.200][14:23:30 09.09.2026][Main][INFO] Connected to EMCU {
  computer_id = 1,
  device_name = "EMCU",
  latest_ping = 6731.2000000000007,
  ping_send = false
}
[6731.450][14:23:30 09.09.2026][Main][INFO] Connected to EMCU {
  computer_id = 1,
  device_name = "EMCU",
  latest_ping = 6731.4500000000007,
  ping_send = false
}
[133.200][13:12:40 10.09.2026][Main][INFO] Connected to EMCU {
  computer_id = 1,
  device_name = "EMCU",
  latest_ping = 133.20000000000002,
  ping_send = false
}
[133.250][13:12:40 10.09.2026][Main][INFO] Connected to EMCU {
  computer_id = 1,
  device_name = "EMCU",
  latest_ping = 133.25,
  ping_send = false
}
[133.500][13:12:40 10.09.2026][Main][INFO] Connected to EMCU {
  computer_id = 1,
  device_name = "EMCU",
  latest_ping = 133.5,
  ping_send = false
}
[1244.200][13:43:27 10.09.2026][Main][INFO] Disconnected from EMCU {
  computer_id = 1,
  device_name = "EMCU",
  latest_ping = 1243.2,
  ping_send = true
}
[1244.200][13:43:27 10.09.2026][Main][INFO] Connected to EMCU {
  computer_id = 1,
  device_name = "EMCU",
  latest_ping = 1244.2,
  ping_send = false
}
[1244.000][13:43:27 10.09.2026][Main][INFO] Disconnected from EMCU {
  computer_id = 1,
  device_name = "EMCU",
  latest_ping = 1243,
  ping_send = true
}
[1244.150][13:43:27 10.09.2026][Main][INFO] Disconnected from EMCU {
  computer_id = 1,
  device_name = "EMCU",
  latest_ping = 1243.15,
  ping_send = true
}
[1244.000][13:43:27 10.09.2026][Main][INFO] Connected to EMCU {
  computer_id = 1,
  device_name = "EMCU",
  latest_ping = 1244,
  ping_send = false
}
[1244.150][13:43:27 10.09.2026][Main][INFO] Connected to EMCU {
  computer_id = 1,
  device_name = "EMCU",
  latest_ping = 1244.15,
  ping_send = false
}
[1317.400][13:44:40 10.09.2026][Main][INFO] Disconnected from EMCU {
  computer_id = 1,
  device_name = "EMCU",
  latest_ping = 1316.4,
  ping_send = true
}
[1317.550][13:44:40 10.09.2026][Main][INFO] Disconnected from EMCU {
  computer_id = 1,
  device_name = "EMCU",
  latest_ping = 1316.5500000000002,
  ping_send = true
}
[1317.400][13:44:40 10.09.2026][Main][INFO] Connected to EMCU {
  computer_id = 1,
  device_name = "EMCU",
  latest_ping = 1317.4,
  ping_send = false
}
[1317.550][13:44:40 10.09.2026][Main][INFO] Connected to EMCU {
  computer_id = 1,
  device_name = "EMCU",
  latest_ping = 1317.5500000000002,
  ping_send = false
}
[1317.700][13:44:40 10.09.2026][Main][INFO] Disconnected from EMCU {
  computer_id = 1,
  device_name = "EMCU",
  latest_ping = 1316.7,
  ping_send = true
}
[1317.700][13:44:40 10.09.2026][Main][INFO] Connected to EMCU {
  computer_id = 1,
  device_name = "EMCU",
  latest_ping = 1317.7,
  ping_send = false
}
[1351.500][13:45:14 10.09.2026][Main][INFO] Disconnected from EMCU {
  computer_id = 1,
  device_name = "EMCU",
  latest_ping = 1350.5,
  ping_send = true
}
[1351.300][13:45:14 10.09.2026][Main][INFO] Disconnected from EMCU {
  computer_id = 1,
  device_name = "EMCU",
  latest_ping = 1350.3000000000002,
  ping_send = true
}
[1351.450][13:45:14 10.09.2026][Main][INFO] Disconnected from EMCU {
  computer_id = 1,
  device_name = "EMCU",
  latest_ping = 1350.45,
  ping_send = true
}
[32.800][15:25:35 10.09.2026][Main][INFO] Connected to EMCU {
  computer_id = 1,
  device_name = "EMCU",
  latest_ping = 32.800000000000004,
  ping_send = false
}
[32.800][15:25:36 10.09.2026][Main][INFO] Connected to EMCU {
  computer_id = 1,
  device_name = "EMCU",
  latest_ping = 32.800000000000004,
  ping_send = false
}
[33.000][15:25:36 10.09.2026][Main][INFO] Connected to EMCU {
  computer_id = 1,
  device_name = "EMCU",
  latest_ping = 33,
  ping_send = false
}
[38.900][15:25:42 10.09.2026][Main][INFO] Disconnected from EMCU {
  computer_id = 1,
  device_name = "EMCU",
  latest_ping = 37.9,
  ping_send = true
}
[39.000][15:25:42 10.09.2026][Main][INFO] Disconnected from EMCU {
  computer_id = 1,
  device_name = "EMCU",
  latest_ping = 38,
  ping_send = true
}
[38.800][15:25:42 10.09.2026][Main][INFO] Disconnected from EMCU {
  computer_id = 1,
  device_name = "EMCU",
  latest_ping = 37.800000000000004,
  ping_send = true
}
[73.900][15:26:17 10.09.2026][Main][INFO] Connected to EMCU {
  computer_id = 1,
  device_name = "EMCU",
  latest_ping = 73.9,
  ping_send = false
}
[74.000][15:26:17 10.09.2026][Main][INFO] Connected to EMCU {
  computer_id = 1,
  device_name = "EMCU",
  latest_ping = 74,
  ping_send = false
}
[73.900][15:26:17 10.09.2026][Main][INFO] Connected to EMCU {
  computer_id = 1,
  device_name = "EMCU",
  latest_ping = 73.9,
  ping_send = false
}
[77.000][15:26:20 10.09.2026][Main][INFO] Disconnected from EMCU {
  computer_id = 1,
  device_name = "EMCU",
  latest_ping = 76,
  ping_send = true
}
[77.100][15:26:20 10.09.2026][Main][INFO] Disconnected from EMCU {
  computer_id = 1,
  device_name = "EMCU",
  latest_ping = 76.100000000000009,
  ping_send = true
}
[76.900][15:26:20 10.09.2026][Main][INFO] Disconnected from EMCU {
  computer_id = 1,
  device_name = "EMCU",
  latest_ping = 75.9,
  ping_send = true
}
[89.000][15:26:32 10.09.2026][Main][INFO] Connected to EMCU {
  computer_id = 1,
  device_name = "EMCU",
  latest_ping = 89,
  ping_send = false
}
[89.100][15:26:32 10.09.2026][Main][INFO] Connected to EMCU {
  computer_id = 1,
  device_name = "EMCU",
  latest_ping = 89.100000000000009,
  ping_send = false
}
[88.900][15:26:32 10.09.2026][Main][INFO] Connected to EMCU {
  computer_id = 1,
  device_name = "EMCU",
  latest_ping = 88.9,
  ping_send = false
}
[94.600][15:26:37 10.09.2026][Main][INFO] Disconnected from EMCU {
  computer_id = 1,
  device_name = "EMCU",
  latest_ping = 93.600000000000009,
  ping_send = true
}
[94.700][15:26:37 10.09.2026][Main][INFO] Disconnected from EMCU {
  computer_id = 1,
  device_name = "EMCU",
  latest_ping = 93.7,
  ping_send = true
}
[94.500][15:26:37 10.09.2026][Main][INFO] Disconnected from EMCU {
  computer_id = 1,
  device_name = "EMCU",
  latest_ping = 93.5,
  ping_send = true
}
[129.700][15:27:12 10.09.2026][Main][INFO] Connected to EMCU {
  computer_id = 1,
  device_name = "EMCU",
  latest_ping = 129.70000000000002,
  ping_send = false
}
[129.500][15:27:12 10.09.2026][Main][INFO] Connected to EMCU {
  computer_id = 1,
  device_name = "EMCU",
  latest_ping = 129.5,
  ping_send = false
}
[129.700][15:27:12 10.09.2026][Main][INFO] Connected to EMCU {
  computer_id = 1,
  device_name = "EMCU",
  latest_ping = 129.70000000000002,
  ping_send = false
}
[434.700][15:32:17 10.09.2026][Main][INFO] Disconnected from EMCU {
  computer_id = 1,
  device_name = "EMCU",
  latest_ping = 433.70000000000005,
  ping_send = true
}
[434.900][15:32:17 10.09.2026][Main][INFO] Disconnected from EMCU {
  computer_id = 1,
  device_name = "EMCU",
  latest_ping = 433.90000000000003,
  ping_send = true
}
[434.900][15:32:18 10.09.2026][Main][INFO] Disconnected from EMCU {
  computer_id = 1,
  device_name = "EMCU",
  latest_ping = 433.90000000000003,
  ping_send = true
}
[435.700][15:32:18 10.09.2026][Main][INFO] Connected to EMCU {
  computer_id = 1,
  device_name = "EMCU",
  latest_ping = 435.70000000000005,
  ping_send = false
}
[435.900][15:32:18 10.09.2026][Main][INFO] Connected to EMCU {
  computer_id = 1,
  device_name = "EMCU",
  latest_ping = 435.90000000000003,
  ping_send = false
}
[435.900][15:32:19 10.09.2026][Main][INFO] Connected to EMCU {
  computer_id = 1,
  device_name = "EMCU",
  latest_ping = 435.90000000000003,
  ping_send = false
}
[440.000][15:32:23 10.09.2026][Main][INFO] Disconnected from EMCU {
  computer_id = 1,
  device_name = "EMCU",
  latest_ping = 439,
  ping_send = true
}
[440.200][15:32:23 10.09.2026][Main][INFO] Disconnected from EMCU {
  computer_id = 1,
  device_name = "EMCU",
  latest_ping = 439.20000000000005,
  ping_send = true
}
[440.200][15:32:23 10.09.2026][Main][INFO] Disconnected from EMCU {
  computer_id = 1,
  device_name = "EMCU",
  latest_ping = 439.20000000000005,
  ping_send = true
}
[451.000][15:32:34 10.09.2026][Main][INFO] Connected to EMCU {
  computer_id = 1,
  device_name = "EMCU",
  latest_ping = 451,
  ping_send = false
}
[451.200][15:32:34 10.09.2026][Main][INFO] Connected to EMCU {
  computer_id = 1,
  device_name = "EMCU",
  latest_ping = 451.20000000000005,
  ping_send = false
}
[451.200][15:32:34 10.09.2026][Main][INFO] Connected to EMCU {
  computer_id = 1,
  device_name = "EMCU",
  latest_ping = 451.20000000000005,
  ping_send = false
}
[455.900][15:32:39 10.09.2026][Main][INFO] Disconnected from EMCU {
  computer_id = 1,
  device_name = "EMCU",
  latest_ping = 454.90000000000003,
  ping_send = true
}
[455.800][15:32:39 10.09.2026][Main][INFO] Disconnected from EMCU {
  computer_id = 1,
  device_name = "EMCU",
  latest_ping = 454.8,
  ping_send = true
}
[456.000][15:32:39 10.09.2026][Main][INFO] Disconnected from EMCU {
  computer_id = 1,
  device_name = "EMCU",
  latest_ping = 455,
  ping_send = true
}
[470.900][15:32:54 10.09.2026][Main][INFO] Connected to EMCU {
  computer_id = 1,
  device_name = "EMCU",
  latest_ping = 470.90000000000003,
  ping_send = false
}
[470.800][15:32:54 10.09.2026][Main][INFO] Connected to EMCU {
  computer_id = 1,
  device_name = "EMCU",
  latest_ping = 470.8,
  ping_send = false
}
[471.000][15:32:54 10.09.2026][Main][INFO] Connected to EMCU {
  computer_id = 1,
  device_name = "EMCU",
  latest_ping = 471,
  ping_send = false
}
[483.900][15:33:07 10.09.2026][Main][INFO] Disconnected from EMCU {
  computer_id = 1,
  device_name = "EMCU",
  latest_ping = 482.90000000000003,
  ping_send = true
}
[483.800][15:33:07 10.09.2026][Main][INFO] Disconnected from EMCU {
  computer_id = 1,
  device_name = "EMCU",
  latest_ping = 482.8,
  ping_send = true
}
[484.000][15:33:07 10.09.2026][Main][INFO] Disconnected from EMCU {
  computer_id = 1,
  device_name = "EMCU",
  latest_ping = 483,
  ping_send = true
}
[766.800][15:37:50 10.09.2026][Main][INFO] Connected to EMCU {
  computer_id = 1,
  device_name = "EMCU",
  latest_ping = 766.80000000000007,
  ping_send = false
}
[767.000][15:37:50 10.09.2026][Main][INFO] Connected to EMCU {
  computer_id = 1,
  device_name = "EMCU",
  latest_ping = 767,
  ping_send = false
}
[767.000][15:37:50 10.09.2026][Main][INFO] Connected to EMCU {
  computer_id = 1,
  device_name = "EMCU",
  latest_ping = 767,
  ping_send = false
}
[771.700][15:37:54 10.09.2026][Main][INFO] Disconnected from EMCU {
  computer_id = 1,
  device_name = "EMCU",
  latest_ping = 770.7,
  ping_send = true
}
[771.900][15:37:54 10.09.2026][Main][INFO] Disconnected from EMCU {
  computer_id = 1,
  device_name = "EMCU",
  latest_ping = 770.90000000000009,
  ping_send = true
}
[771.900][15:37:55 10.09.2026][Main][INFO] Disconnected from EMCU {
  computer_id = 1,
  device_name = "EMCU",
  latest_ping = 770.90000000000009,
  ping_send = true
}
[784.700][15:38:07 10.09.2026][Main][INFO] Connected to EMCU {
  computer_id = 1,
  device_name = "EMCU",
  latest_ping = 784.7,
  ping_send = false
}
[784.900][15:38:07 10.09.2026][Main][INFO] Connected to EMCU {
  computer_id = 1,
  device_name = "EMCU",
  latest_ping = 784.90000000000009,
  ping_send = false
}
[784.900][15:38:08 10.09.2026][Main][INFO] Connected to EMCU {
  computer_id = 1,
  device_name = "EMCU",
  latest_ping = 784.90000000000009,
  ping_send = false
}
[845.400][15:39:08 10.09.2026][Main][INFO] Disconnected from EMCU {
  computer_id = 1,
  device_name = "EMCU",
  latest_ping = 844.40000000000009,
  ping_send = true
}
[845.300][15:39:08 10.09.2026][Main][INFO] Disconnected from EMCU {
  computer_id = 1,
  device_name = "EMCU",
  latest_ping = 844.30000000000007,
  ping_send = true
}
[845.500][15:39:08 10.09.2026][Main][INFO] Disconnected from EMCU {
  computer_id = 1,
  device_name = "EMCU",
  latest_ping = 844.5,
  ping_send = true
}
[1352.400][15:47:35 10.09.2026][Main][INFO] Connected to EMCU {
  computer_id = 1,
  device_name = "EMCU",
  latest_ping = 1352.4,
  ping_send = false
}
[1352.500][15:47:35 10.09.2026][Main][INFO] Connected to EMCU {
  computer_id = 1,
  device_name = "EMCU",
  latest_ping = 1352.5,
  ping_send = false
}
[1352.400][15:47:35 10.09.2026][Main][INFO] Connected to EMCU {
  computer_id = 1,
  device_name = "EMCU",
  latest_ping = 1352.4,
  ping_send = false
}
[1437.500][16:00:02 10.09.2026][Main][INFO] Disconnected from EMCU {
  computer_id = 1,
  device_name = "EMCU",
  latest_ping = 1436.5,
  ping_send = true
}
[1437.500][16:00:02 10.09.2026][Main][INFO] Connected to EMCU {
  computer_id = 1,
  device_name = "EMCU",
  latest_ping = 1437.5,
  ping_send = false
}
[1437.400][16:00:02 10.09.2026][Main][INFO] Disconnected from EMCU {
  computer_id = 1,
  device_name = "EMCU",
  latest_ping = 1436.4,
  ping_send = true
}
[1437.600][16:00:02 10.09.2026][Main][INFO] Disconnected from EMCU {
  computer_id = 1,
  device_name = "EMCU",
  latest_ping = 1436.6000000000001,
  ping_send = true
}
[1437.400][16:00:02 10.09.2026][Main][INFO] Connected to EMCU {
  computer_id = 1,
  device_name = "EMCU",
  latest_ping = 1437.4,
  ping_send = false
}
[1437.600][16:00:02 10.09.2026][Main][INFO] Connected to EMCU {
  computer_id = 1,
  device_name = "EMCU",
  latest_ping = 1437.6000000000001,
  ping_send = false
}
[1476.400][16:00:41 10.09.2026][Main][INFO] Disconnected from EMCU {
  computer_id = 1,
  device_name = "EMCU",
  latest_ping = 1475.4,
  ping_send = true
}
[1476.300][16:00:41 10.09.2026][Main][INFO] Disconnected from EMCU {
  computer_id = 1,
  device_name = "EMCU",
  latest_ping = 1475.3000000000002,
  ping_send = true
}
[1476.500][16:00:41 10.09.2026][Main][INFO] Disconnected from EMCU {
  computer_id = 1,
  device_name = "EMCU",
  latest_ping = 1475.5,
  ping_send = true
}
[1821.400][16:06:26 10.09.2026][Main][INFO] Connected to EMCU {
  computer_id = 1,
  device_name = "EMCU",
  latest_ping = 1821.4,
  ping_send = false
}
[1821.300][16:06:26 10.09.2026][Main][INFO] Connected to EMCU {
  computer_id = 1,
  device_name = "EMCU",
  latest_ping = 1821.3000000000002,
  ping_send = false
}
[1821.500][16:06:26 10.09.2026][Main][INFO] Connected to EMCU {
  computer_id = 1,
  device_name = "EMCU",
  latest_ping = 1821.5,
  ping_send = false
}
[2335.700][16:15:28 10.09.2026][Main][INFO] Disconnected from EMCU {
  computer_id = 1,
  device_name = "EMCU",
  latest_ping = 2334.7000000000003,
  ping_send = true
}
[2335.700][16:15:28 10.09.2026][Main][INFO] Connected to EMCU {
  computer_id = 1,
  device_name = "EMCU",
  latest_ping = 2335.7000000000003,
  ping_send = false
}
[2335.600][16:15:28 10.09.2026][Main][INFO] Disconnected from EMCU {
  computer_id = 1,
  device_name = "EMCU",
  latest_ping = 2334.6,
  ping_send = true
}
[2335.800][16:15:28 10.09.2026][Main][INFO] Disconnected from EMCU {
  computer_id = 1,
  device_name = "EMCU",
  latest_ping = 2334.8,
  ping_send = true
}
[2335.600][16:15:28 10.09.2026][Main][INFO] Connected to EMCU {
  computer_id = 1,
  device_name = "EMCU",
  latest_ping = 2335.6,
  ping_send = false
}
[2335.800][16:15:28 10.09.2026][Main][INFO] Connected to EMCU {
  computer_id = 1,
  device_name = "EMCU",
  latest_ping = 2335.8,
  ping_send = false
}
[2352.100][16:15:45 10.09.2026][Main][INFO] Disconnected from EMCU {
  computer_id = 1,
  device_name = "EMCU",
  latest_ping = 2351.1,
  ping_send = true
}
[2352.300][16:15:45 10.09.2026][Main][INFO] Disconnected from EMCU {
  computer_id = 1,
  device_name = "EMCU",
  latest_ping = 2351.3,
  ping_send = true
}
[2352.300][16:15:45 10.09.2026][Main][INFO] Disconnected from EMCU {
  computer_id = 1,
  device_name = "EMCU",
  latest_ping = 2351.3,
  ping_send = true
}
[2517.100][16:18:30 10.09.2026][Main][INFO] Connected to EMCU {
  computer_id = 1,
  device_name = "EMCU",
  latest_ping = 2517.1000000000004,
  ping_send = false
}
[2517.300][16:18:30 10.09.2026][Main][INFO] Connected to EMCU {
  computer_id = 1,
  device_name = "EMCU",
  latest_ping = 2517.3,
  ping_send = false
}
[2517.300][16:18:30 10.09.2026][Main][INFO] Connected to EMCU {
  computer_id = 1,
  device_name = "EMCU",
  latest_ping = 2517.3,
  ping_send = false
}
[2716.400][16:21:49 10.09.2026][Main][INFO] Disconnected from EMCU {
  computer_id = 1,
  device_name = "EMCU",
  latest_ping = 2715.4,
  ping_send = true
}
[2716.300][16:21:49 10.09.2026][Main][INFO] Disconnected from EMCU {
  computer_id = 1,
  device_name = "EMCU",
  latest_ping = 2715.3,
  ping_send = true
}
[2716.500][16:21:49 10.09.2026][Main][INFO] Disconnected from EMCU {
  computer_id = 1,
  device_name = "EMCU",
  latest_ping = 2715.5,
  ping_send = true
}
[2753.400][16:22:26 10.09.2026][Main][INFO] Connected to EMCU {
  computer_id = 1,
  device_name = "EMCU",
  latest_ping = 2753.4,
  ping_send = false
}
[2753.300][16:22:26 10.09.2026][Main][INFO] Connected to EMCU {
  computer_id = 1,
  device_name = "EMCU",
  latest_ping = 2753.3,
  ping_send = false
}
[2753.500][16:22:26 10.09.2026][Main][INFO] Connected to EMCU {
  computer_id = 1,
  device_name = "EMCU",
  latest_ping = 2753.5,
  ping_send = false
}
[2885.600][16:24:38 10.09.2026][Main][INFO] Disconnected from EMCU {
  computer_id = 1,
  device_name = "EMCU",
  latest_ping = 2884.6000000000004,
  ping_send = true
}
[2885.800][16:24:38 10.09.2026][Main][INFO] Disconnected from EMCU {
  computer_id = 1,
  device_name = "EMCU",
  latest_ping = 2884.8,
  ping_send = true
}
[2885.600][16:24:38 10.09.2026][Main][INFO] Connected to EMCU {
  computer_id = 1,
  device_name = "EMCU",
  latest_ping = 2885.6000000000004,
  ping_send = false
}
[2885.800][16:24:38 10.09.2026][Main][INFO] Connected to EMCU {
  computer_id = 1,
  device_name = "EMCU",
  latest_ping = 2885.8,
  ping_send = false
}
[2885.800][16:24:38 10.09.2026][Main][INFO] Disconnected from EMCU {
  computer_id = 1,
  device_name = "EMCU",
  latest_ping = 2884.8,
  ping_send = true
}
[2885.800][16:24:38 10.09.2026][Main][INFO] Connected to EMCU {
  computer_id = 1,
  device_name = "EMCU",
  latest_ping = 2885.8,
  ping_send = false
}
[2975.200][16:26:08 10.09.2026][Main][INFO] Disconnected from EMCU {
  computer_id = 1,
  device_name = "EMCU",
  latest_ping = 2974.2000000000003,
  ping_send = true
}
[2975.400][16:26:08 10.09.2026][Main][INFO] Disconnected from EMCU {
  computer_id = 1,
  device_name = "EMCU",
  latest_ping = 2974.4,
  ping_send = true
}
[2975.200][16:26:08 10.09.2026][Main][INFO] Connected to EMCU {
  computer_id = 1,
  device_name = "EMCU",
  latest_ping = 2975.2000000000003,
  ping_send = false
}
[2975.400][16:26:08 10.09.2026][Main][INFO] Connected to EMCU {
  computer_id = 1,
  device_name = "EMCU",
  latest_ping = 2975.4,
  ping_send = false
}
[2975.400][16:26:08 10.09.2026][Main][INFO] Disconnected from EMCU {
  computer_id = 1,
  device_name = "EMCU",
  latest_ping = 2974.4,
  ping_send = true
}
[2975.400][16:26:08 10.09.2026][Main][INFO] Connected to EMCU {
  computer_id = 1,
  device_name = "EMCU",
  latest_ping = 2975.4,
  ping_send = false
}
[3091.900][16:28:05 10.09.2026][Main][INFO] Disconnected from EMCU {
  computer_id = 1,
  device_name = "EMCU",
  latest_ping = 3090.9,
  ping_send = true
}
[3091.800][16:28:05 10.09.2026][Main][INFO] Disconnected from EMCU {
  computer_id = 1,
  device_name = "EMCU",
  latest_ping = 3090.8,
  ping_send = true
}
[3092.000][16:28:05 10.09.2026][Main][INFO] Disconnected from EMCU {
  computer_id = 1,
  device_name = "EMCU",
  latest_ping = 3091,
  ping_send = true
}
[3095.900][16:28:09 10.09.2026][Main][INFO] Connected to EMCU {
  computer_id = 1,
  device_name = "EMCU",
  latest_ping = 3095.9,
  ping_send = false
}
[3095.800][16:28:09 10.09.2026][Main][INFO] Connected to EMCU {
  computer_id = 1,
  device_name = "EMCU",
  latest_ping = 3095.8,
  ping_send = false
}
[3096.000][16:28:09 10.09.2026][Main][INFO] Connected to EMCU {
  computer_id = 1,
  device_name = "EMCU",
  latest_ping = 3096,
  ping_send = false
}
[3220.100][16:30:13 10.09.2026][Main][INFO] Disconnected from EMCU {
  computer_id = 1,
  device_name = "EMCU",
  latest_ping = 3219.1000000000004,
  ping_send = true
}
[3220.000][16:30:13 10.09.2026][Main][INFO] Disconnected from EMCU {
  computer_id = 1,
  device_name = "EMCU",
  latest_ping = 3219,
  ping_send = true
}
[3220.200][16:30:13 10.09.2026][Main][INFO] Disconnected from EMCU {
  computer_id = 1,
  device_name = "EMCU",
  latest_ping = 3219.2000000000003,
  ping_send = true
}
[3221.100][16:30:14 10.09.2026][Main][INFO] Connected to EMCU {
  computer_id = 1,
  device_name = "EMCU",
  latest_ping = 3221.1000000000004,
  ping_send = false
}
[3221.000][16:30:14 10.09.2026][Main][INFO] Connected to EMCU {
  computer_id = 1,
  device_name = "EMCU",
  latest_ping = 3221,
  ping_send = false
}
[3221.200][16:30:14 10.09.2026][Main][INFO] Connected to EMCU {
  computer_id = 1,
  device_name = "EMCU",
  latest_ping = 3221.2000000000003,
  ping_send = false
}
[3426.300][16:33:39 10.09.2026][Main][INFO] Disconnected from EMCU {
  computer_id = 1,
  device_name = "EMCU",
  latest_ping = 3425.3,
  ping_send = true
}
[3426.500][16:33:39 10.09.2026][Main][INFO] Disconnected from EMCU {
  computer_id = 1,
  device_name = "EMCU",
  latest_ping = 3425.5,
  ping_send = true
}
[3426.300][16:33:39 10.09.2026][Main][INFO] Connected to EMCU {
  computer_id = 1,
  device_name = "EMCU",
  latest_ping = 3426.3,
  ping_send = false
}
[3426.500][16:33:39 10.09.2026][Main][INFO] Connected to EMCU {
  computer_id = 1,
  device_name = "EMCU",
  latest_ping = 3426.5,
  ping_send = false
}
[3426.500][16:33:39 10.09.2026][Main][INFO] Disconnected from EMCU {
  computer_id = 1,
  device_name = "EMCU",
  latest_ping = 3425.5,
  ping_send = true
}
[3426.500][16:33:39 10.09.2026][Main][INFO] Connected to EMCU {
  computer_id = 1,
  device_name = "EMCU",
  latest_ping = 3426.5,
  ping_send = false
}
[3676.800][16:37:49 10.09.2026][Main][INFO] Disconnected from EMCU {
  computer_id = 1,
  device_name = "EMCU",
  latest_ping = 3675.8,
  ping_send = true
}
[3676.800][16:37:49 10.09.2026][Main][INFO] Connected to EMCU {
  computer_id = 1,
  device_name = "EMCU",
  latest_ping = 3676.8,
  ping_send = false
}
[3676.700][16:37:49 10.09.2026][Main][INFO] Disconnected from EMCU {
  computer_id = 1,
  device_name = "EMCU",
  latest_ping = 3675.7000000000003,
  ping_send = true
}
[3676.900][16:37:49 10.09.2026][Main][INFO] Disconnected from EMCU {
  computer_id = 1,
  device_name = "EMCU",
  latest_ping = 3675.9,
  ping_send = true
}
[3676.700][16:37:49 10.09.2026][Main][INFO] Connected to EMCU {
  computer_id = 1,
  device_name = "EMCU",
  latest_ping = 3676.7000000000003,
  ping_send = false
}
[3676.900][16:37:49 10.09.2026][Main][INFO] Connected to EMCU {
  computer_id = 1,
  device_name = "EMCU",
  latest_ping = 3676.9,
  ping_send = false
}
[3842.200][16:40:35 10.09.2026][Main][INFO] Disconnected from EMCU {
  computer_id = 1,
  device_name = "EMCU",
  latest_ping = 3841.2000000000003,
  ping_send = true
}
[3842.400][16:40:35 10.09.2026][Main][INFO] Disconnected from EMCU {
  computer_id = 1,
  device_name = "EMCU",
  latest_ping = 3841.4,
  ping_send = true
}
[3842.200][16:40:35 10.09.2026][Main][INFO] Connected to EMCU {
  computer_id = 1,
  device_name = "EMCU",
  latest_ping = 3842.2000000000003,
  ping_send = false
}
[3842.400][16:40:35 10.09.2026][Main][INFO] Connected to EMCU {
  computer_id = 1,
  device_name = "EMCU",
  latest_ping = 3842.4,
  ping_send = false
}
[3842.400][16:40:35 10.09.2026][Main][INFO] Disconnected from EMCU {
  computer_id = 1,
  device_name = "EMCU",
  latest_ping = 3841.4,
  ping_send = true
}
[3842.400][16:40:35 10.09.2026][Main][INFO] Connected to EMCU {
  computer_id = 1,
  device_name = "EMCU",
  latest_ping = 3842.4,
  ping_send = false
}
[3956.500][16:42:29 10.09.2026][Main][INFO] Disconnected from EMCU {
  computer_id = 1,
  device_name = "EMCU",
  latest_ping = 3955.5,
  ping_send = true
}
[3956.400][16:42:29 10.09.2026][Main][INFO] Disconnected from EMCU {
  computer_id = 1,
  device_name = "EMCU",
  latest_ping = 3955.4,
  ping_send = true
}
[3956.600][16:42:29 10.09.2026][Main][INFO] Disconnected from EMCU {
  computer_id = 1,
  device_name = "EMCU",
  latest_ping = 3955.6000000000004,
  ping_send = true
}
[3963.500][16:42:36 10.09.2026][Main][INFO] Connected to EMCU {
  computer_id = 1,
  device_name = "EMCU",
  latest_ping = 3963.5,
  ping_send = false
}
[3963.400][16:42:36 10.09.2026][Main][INFO] Connected to EMCU {
  computer_id = 1,
  device_name = "EMCU",
  latest_ping = 3963.4,
  ping_send = false
}
[3963.600][16:42:36 10.09.2026][Main][INFO] Connected to EMCU {
  computer_id = 1,
  device_name = "EMCU",
  latest_ping = 3963.6000000000004,
  ping_send = false
}
[4209.600][16:46:42 10.09.2026][Main][INFO] Disconnected from EMCU {
  computer_id = 1,
  device_name = "EMCU",
  latest_ping = 4208.6,
  ping_send = true
}
[4209.500][16:46:42 10.09.2026][Main][INFO] Disconnected from EMCU {
  computer_id = 1,
  device_name = "EMCU",
  latest_ping = 4208.5,
  ping_send = true
}
[4209.700][16:46:42 10.09.2026][Main][INFO] Disconnected from EMCU {
  computer_id = 1,
  device_name = "EMCU",
  latest_ping = 4208.7,
  ping_send = true
}
[4648.600][16:54:01 10.09.2026][Main][INFO] Connected to EMCU {
  computer_id = 1,
  device_name = "EMCU",
  latest_ping = 4648.6,
  ping_send = false
}
[4648.500][16:54:01 10.09.2026][Main][INFO] Connected to EMCU {
  computer_id = 1,
  device_name = "EMCU",
  latest_ping = 4648.5,
  ping_send = false
}
[4648.700][16:54:01 10.09.2026][Main][INFO] Connected to EMCU {
  computer_id = 1,
  device_name = "EMCU",
  latest_ping = 4648.7,
  ping_send = false
}
[4649.600][16:54:02 10.09.2026][Main][INFO] Disconnected from EMCU {
  computer_id = 1,
  device_name = "EMCU",
  latest_ping = 4648.6,
  ping_send = true
}
[4649.500][16:54:02 10.09.2026][Main][INFO] Disconnected from EMCU {
  computer_id = 1,
  device_name = "EMCU",
  latest_ping = 4648.5,
  ping_send = true
}
[4649.700][16:54:02 10.09.2026][Main][INFO] Disconnected from EMCU {
  computer_id = 1,
  device_name = "EMCU",
  latest_ping = 4648.7,
  ping_send = true
}
[4671.600][16:54:24 10.09.2026][Main][INFO] Connected to EMCU {
  computer_id = 1,
  device_name = "EMCU",
  latest_ping = 4671.6,
  ping_send = false
}
[4671.500][16:54:24 10.09.2026][Main][INFO] Connected to EMCU {
  computer_id = 1,
  device_name = "EMCU",
  latest_ping = 4671.5,
  ping_send = false
}
[4671.700][16:54:24 10.09.2026][Main][INFO] Connected to EMCU {
  computer_id = 1,
  device_name = "EMCU",
  latest_ping = 4671.7,
  ping_send = false
}
[4672.600][16:54:25 10.09.2026][Main][INFO] Disconnected from EMCU {
  computer_id = 1,
  device_name = "EMCU",
  latest_ping = 4671.6,
  ping_send = true
}
[4672.500][16:54:25 10.09.2026][Main][INFO] Disconnected from EMCU {
  computer_id = 1,
  device_name = "EMCU",
  latest_ping = 4671.5,
  ping_send = true
}
[4672.700][16:54:25 10.09.2026][Main][INFO] Disconnected from EMCU {
  computer_id = 1,
  device_name = "EMCU",
  latest_ping = 4671.7,
  ping_send = true
}
[4738.600][16:55:31 10.09.2026][Main][INFO] Connected to EMCU {
  computer_id = 1,
  device_name = "EMCU",
  latest_ping = 4738.6,
  ping_send = false
}
[4738.500][16:55:31 10.09.2026][Main][INFO] Connected to EMCU {
  computer_id = 1,
  device_name = "EMCU",
  latest_ping = 4738.5,
  ping_send = false
}
[4738.700][16:55:31 10.09.2026][Main][INFO] Connected to EMCU {
  computer_id = 1,
  device_name = "EMCU",
  latest_ping = 4738.7,
  ping_send = false
}
[4739.600][16:55:32 10.09.2026][Main][INFO] Disconnected from EMCU {
  computer_id = 1,
  device_name = "EMCU",
  latest_ping = 4738.6,
  ping_send = true
}
[4739.500][16:55:32 10.09.2026][Main][INFO] Disconnected from EMCU {
  computer_id = 1,
  device_name = "EMCU",
  latest_ping = 4738.5,
  ping_send = true
}
[4739.700][16:55:32 10.09.2026][Main][INFO] Disconnected from EMCU {
  computer_id = 1,
  device_name = "EMCU",
  latest_ping = 4738.7,
  ping_send = true
}
[4748.600][16:55:41 10.09.2026][Main][INFO] Connected to EMCU {
  computer_id = 1,
  device_name = "EMCU",
  latest_ping = 4748.6,
  ping_send = false
}
[4748.500][16:55:41 10.09.2026][Main][INFO] Connected to EMCU {
  computer_id = 1,
  device_name = "EMCU",
  latest_ping = 4748.5,
  ping_send = false
}
[4748.700][16:55:41 10.09.2026][Main][INFO] Connected to EMCU {
  computer_id = 1,
  device_name = "EMCU",
  latest_ping = 4748.7,
  ping_send = false
}
[4749.600][16:55:42 10.09.2026][Main][INFO] Disconnected from EMCU {
  computer_id = 1,
  device_name = "EMCU",
  latest_ping = 4748.6,
  ping_send = true
}
[4749.500][16:55:42 10.09.2026][Main][INFO] Disconnected from EMCU {
  computer_id = 1,
  device_name = "EMCU",
  latest_ping = 4748.5,
  ping_send = true
}
[4749.700][16:55:42 10.09.2026][Main][INFO] Disconnected from EMCU {
  computer_id = 1,
  device_name = "EMCU",
  latest_ping = 4748.7,
  ping_send = true
}
[4804.600][16:56:37 10.09.2026][Main][INFO] Connected to EMCU {
  computer_id = 1,
  device_name = "EMCU",
  latest_ping = 4804.6,
  ping_send = false
}
[4804.500][16:56:37 10.09.2026][Main][INFO] Connected to EMCU {
  computer_id = 1,
  device_name = "EMCU",
  latest_ping = 4804.5,
  ping_send = false
}
[4804.700][16:56:37 10.09.2026][Main][INFO] Connected to EMCU {
  computer_id = 1,
  device_name = "EMCU",
  latest_ping = 4804.7,
  ping_send = false
}
[4805.600][16:56:38 10.09.2026][Main][INFO] Disconnected from EMCU {
  computer_id = 1,
  device_name = "EMCU",
  latest_ping = 4804.6,
  ping_send = true
}
[4805.700][16:56:38 10.09.2026][Main][INFO] Disconnected from EMCU {
  computer_id = 1,
  device_name = "EMCU",
  latest_ping = 4804.7,
  ping_send = true
}
[4805.500][16:56:38 10.09.2026][Main][INFO] Disconnected from EMCU {
  computer_id = 1,
  device_name = "EMCU",
  latest_ping = 4804.5,
  ping_send = true
}
[4856.600][16:57:29 10.09.2026][Main][INFO] Connected to EMCU {
  computer_id = 1,
  device_name = "EMCU",
  latest_ping = 4856.6,
  ping_send = false
}
[4856.500][16:57:29 10.09.2026][Main][INFO] Connected to EMCU {
  computer_id = 1,
  device_name = "EMCU",
  latest_ping = 4856.5,
  ping_send = false
}
[4856.700][16:57:29 10.09.2026][Main][INFO] Connected to EMCU {
  computer_id = 1,
  device_name = "EMCU",
  latest_ping = 4856.7,
  ping_send = false
}
[4857.600][16:57:30 10.09.2026][Main][INFO] Disconnected from EMCU {
  computer_id = 1,
  device_name = "EMCU",
  latest_ping = 4856.6,
  ping_send = true
}
[4857.500][16:57:30 10.09.2026][Main][INFO] Disconnected from EMCU {
  computer_id = 1,
  device_name = "EMCU",
  latest_ping = 4856.5,
  ping_send = true
}
[4857.700][16:57:30 10.09.2026][Main][INFO] Disconnected from EMCU {
  computer_id = 1,
  device_name = "EMCU",
  latest_ping = 4856.7,
  ping_send = true
}
[4867.600][16:57:40 10.09.2026][Main][INFO] Connected to EMCU {
  computer_id = 1,
  device_name = "EMCU",
  latest_ping = 4867.6,
  ping_send = false
}
[4867.500][16:57:40 10.09.2026][Main][INFO] Connected to EMCU {
  computer_id = 1,
  device_name = "EMCU",
  latest_ping = 4867.5,
  ping_send = false
}
[4867.700][16:57:40 10.09.2026][Main][INFO] Connected to EMCU {
  computer_id = 1,
  device_name = "EMCU",
  latest_ping = 4867.7,
  ping_send = false
}
[4981.300][16:59:34 10.09.2026][Main][INFO] Disconnected from EMCU {
  computer_id = 1,
  device_name = "EMCU",
  latest_ping = 4980.3,
  ping_send = true
}
[4981.500][16:59:34 10.09.2026][Main][INFO] Disconnected from EMCU {
  computer_id = 1,
  device_name = "EMCU",
  latest_ping = 4980.5,
  ping_send = true
}
[4981.500][16:59:34 10.09.2026][Main][INFO] Disconnected from EMCU {
  computer_id = 1,
  device_name = "EMCU",
  latest_ping = 4980.5,
  ping_send = true
}
[5111.300][17:01:44 10.09.2026][Main][INFO] Connected to EMCU {
  computer_id = 1,
  device_name = "EMCU",
  latest_ping = 5111.3,
  ping_send = false
}
[5111.500][17:01:44 10.09.2026][Main][INFO] Connected to EMCU {
  computer_id = 1,
  device_name = "EMCU",
  latest_ping = 5111.5,
  ping_send = false
}
[5111.500][17:01:44 10.09.2026][Main][INFO] Connected to EMCU {
  computer_id = 1,
  device_name = "EMCU",
  latest_ping = 5111.5,
  ping_send = false
}
[5198.500][17:03:11 10.09.2026][Main][INFO] Disconnected from EMCU {
  computer_id = 1,
  device_name = "EMCU",
  latest_ping = 5197.5,
  ping_send = true
}
[5198.400][17:03:11 10.09.2026][Main][INFO] Disconnected from EMCU {
  computer_id = 1,
  device_name = "EMCU",
  latest_ping = 5197.4000000000005,
  ping_send = true
}
[5198.600][17:03:11 10.09.2026][Main][INFO] Disconnected from EMCU {
  computer_id = 1,
  device_name = "EMCU",
  latest_ping = 5197.6,
  ping_send = true
}
[5205.500][17:03:18 10.09.2026][Main][INFO] Connected to EMCU {
  computer_id = 1,
  device_name = "EMCU",
  latest_ping = 5205.5,
  ping_send = false
}
[5205.400][17:03:18 10.09.2026][Main][INFO] Connected to EMCU {
  computer_id = 1,
  device_name = "EMCU",
  latest_ping = 5205.4000000000005,
  ping_send = false
}
[5205.600][17:03:18 10.09.2026][Main][INFO] Connected to EMCU {
  computer_id = 1,
  device_name = "EMCU",
  latest_ping = 5205.6,
  ping_send = false
}
[5293.400][17:04:46 10.09.2026][Main][INFO] Disconnected from EMCU {
  computer_id = 1,
  device_name = "EMCU",
  latest_ping = 5292.4000000000005,
  ping_send = true
}
[5293.300][17:04:46 10.09.2026][Main][INFO] Disconnected from EMCU {
  computer_id = 1,
  device_name = "EMCU",
  latest_ping = 5292.3,
  ping_send = true
}
[5293.500][17:04:46 10.09.2026][Main][INFO] Disconnected from EMCU {
  computer_id = 1,
  device_name = "EMCU",
  latest_ping = 5292.5,
  ping_send = true
}
[6882.400][17:31:15 10.09.2026][Main][INFO] Connected to EMCU {
  computer_id = 1,
  device_name = "EMCU",
  latest_ping = 6882.4000000000005,
  ping_send = false
}
[6882.300][17:31:15 10.09.2026][Main][INFO] Connected to EMCU {
  computer_id = 1,
  device_name = "EMCU",
  latest_ping = 6882.3,
  ping_send = false
}
[6882.500][17:31:15 10.09.2026][Main][INFO] Connected to EMCU {
  computer_id = 1,
  device_name = "EMCU",
  latest_ping = 6882.5,
  ping_send = false
}
[6889.900][17:31:23 10.09.2026][Main][INFO] Disconnected from EMCU {
  computer_id = 1,
  device_name = "EMCU",
  latest_ping = 6888.9000000000005,
  ping_send = true
}
[6890.100][17:31:23 10.09.2026][Main][INFO] Disconnected from EMCU {
  computer_id = 1,
  device_name = "EMCU",
  latest_ping = 6889.1,
  ping_send = true
}
[6890.100][17:31:23 10.09.2026][Main][INFO] Disconnected from EMCU {
  computer_id = 1,
  device_name = "EMCU",
  latest_ping = 6889.1,
  ping_send = true
}
[7077.900][17:34:31 10.09.2026][Main][INFO] Connected to EMCU {
  computer_id = 1,
  device_name = "EMCU",
  latest_ping = 7077.9000000000005,
  ping_send = false
}
[7078.100][17:34:31 10.09.2026][Main][INFO] Connected to EMCU {
  computer_id = 1,
  device_name = "EMCU",
  latest_ping = 7078.1,
  ping_send = false
}
[7078.100][17:34:31 10.09.2026][Main][INFO] Connected to EMCU {
  computer_id = 1,
  device_name = "EMCU",
  latest_ping = 7078.1,
  ping_send = false
}
[7186.400][17:36:19 10.09.2026][Main][INFO] Disconnected from EMCU {
  computer_id = 1,
  device_name = "EMCU",
  latest_ping = 7185.4000000000005,
  ping_send = true
}
[7186.300][17:36:19 10.09.2026][Main][INFO] Disconnected from EMCU {
  computer_id = 1,
  device_name = "EMCU",
  latest_ping = 7185.3,
  ping_send = true
}
[7186.500][17:36:19 10.09.2026][Main][INFO] Disconnected from EMCU {
  computer_id = 1,
  device_name = "EMCU",
  latest_ping = 7185.5,
  ping_send = true
}
[9214.300][18:17:58 10.09.2026][Main][INFO] Connected to EMCU {
  computer_id = 1,
  device_name = "EMCU",
  latest_ping = 9214.3000000000011,
  ping_send = false
}
[9214.500][18:17:58 10.09.2026][Main][INFO] Connected to EMCU {
  computer_id = 1,
  device_name = "EMCU",
  latest_ping = 9214.5,
  ping_send = false
}
[9214.500][18:17:58 10.09.2026][Main][INFO] Connected to EMCU {
  computer_id = 1,
  device_name = "EMCU",
  latest_ping = 9214.5,
  ping_send = false
}
[9218.700][18:18:02 10.09.2026][Main][INFO] Disconnected from EMCU {
  computer_id = 1,
  device_name = "EMCU",
  latest_ping = 9217.7,
  ping_send = true
}
[9218.600][18:18:02 10.09.2026][Main][INFO] Disconnected from EMCU {
  computer_id = 1,
  device_name = "EMCU",
  latest_ping = 9217.6,
  ping_send = true
}
[9218.800][18:18:02 10.09.2026][Main][INFO] Disconnected from EMCU {
  computer_id = 1,
  device_name = "EMCU",
  latest_ping = 9217.8000000000011,
  ping_send = true
}
[9272.700][18:18:56 10.09.2026][Main][INFO] Connected to EMCU {
  computer_id = 1,
  device_name = "EMCU",
  latest_ping = 9272.7,
  ping_send = false
}
[9272.600][18:18:56 10.09.2026][Main][INFO] Connected to EMCU {
  computer_id = 1,
  device_name = "EMCU",
  latest_ping = 9272.6,
  ping_send = false
}
[9272.800][18:18:56 10.09.2026][Main][INFO] Connected to EMCU {
  computer_id = 1,
  device_name = "EMCU",
  latest_ping = 9272.8000000000011,
  ping_send = false
}
[9375.700][18:20:39 10.09.2026][Main][INFO] Disconnected from EMCU {
  computer_id = 1,
  device_name = "EMCU",
  latest_ping = 9374.7,
  ping_send = true
}
[9375.600][18:20:39 10.09.2026][Main][INFO] Disconnected from EMCU {
  computer_id = 1,
  device_name = "EMCU",
  latest_ping = 9374.6,
  ping_send = true
}
[9375.800][18:20:39 10.09.2026][Main][INFO] Disconnected from EMCU {
  computer_id = 1,
  device_name = "EMCU",
  latest_ping = 9374.8000000000011,
  ping_send = true
}
[9379.700][18:20:43 10.09.2026][Main][INFO] Connected to EMCU {
  computer_id = 1,
  device_name = "EMCU",
  latest_ping = 9379.7,
  ping_send = false
}
[9379.600][18:20:43 10.09.2026][Main][INFO] Connected to EMCU {
  computer_id = 1,
  device_name = "EMCU",
  latest_ping = 9379.6,
  ping_send = false
}
[9379.800][18:20:43 10.09.2026][Main][INFO] Connected to EMCU {
  computer_id = 1,
  device_name = "EMCU",
  latest_ping = 9379.8000000000011,
  ping_send = false
}
[9462.400][18:22:06 10.09.2026][Main][INFO] Disconnected from EMCU {
  computer_id = 1,
  device_name = "EMCU",
  latest_ping = 9461.4,
  ping_send = true
}
[9462.400][18:22:06 10.09.2026][Main][INFO] Connected to EMCU {
  computer_id = 1,
  device_name = "EMCU",
  latest_ping = 9462.4,
  ping_send = false
}
[9462.300][18:22:06 10.09.2026][Main][INFO] Disconnected from EMCU {
  computer_id = 1,
  device_name = "EMCU",
  latest_ping = 9461.3000000000011,
  ping_send = true
}
[9462.500][18:22:06 10.09.2026][Main][INFO] Disconnected from EMCU {
  computer_id = 1,
  device_name = "EMCU",
  latest_ping = 9461.5,
  ping_send = true
}
[9462.300][18:22:06 10.09.2026][Main][INFO] Connected to EMCU {
  computer_id = 1,
  device_name = "EMCU",
  latest_ping = 9462.3000000000011,
  ping_send = false
}
[9462.500][18:22:06 10.09.2026][Main][INFO] Connected to EMCU {
  computer_id = 1,
  device_name = "EMCU",
  latest_ping = 9462.5,
  ping_send = false
}
[9471.100][18:22:15 10.09.2026][Main][INFO] Disconnected from EMCU {
  computer_id = 1,
  device_name = "EMCU",
  latest_ping = 9470.1,
  ping_send = true
}
[9471.300][18:22:15 10.09.2026][Main][INFO] Disconnected from EMCU {
  computer_id = 1,
  device_name = "EMCU",
  latest_ping = 9470.3000000000011,
  ping_send = true
}
[9471.300][18:22:15 10.09.2026][Main][INFO] Disconnected from EMCU {
  computer_id = 1,
  device_name = "EMCU",
  latest_ping = 9470.3000000000011,
  ping_send = true
}
[9556.100][18:23:40 10.09.2026][Main][INFO] Connected to EMCU {
  computer_id = 1,
  device_name = "EMCU",
  latest_ping = 9556.1,
  ping_send = false
}
[9556.300][18:23:40 10.09.2026][Main][INFO] Connected to EMCU {
  computer_id = 1,
  device_name = "EMCU",
  latest_ping = 9556.3000000000011,
  ping_send = false
}
[9556.300][18:23:40 10.09.2026][Main][INFO] Connected to EMCU {
  computer_id = 1,
  device_name = "EMCU",
  latest_ping = 9556.3000000000011,
  ping_send = false
}
[9913.300][18:29:37 10.09.2026][Main][INFO] Disconnected from EMCU {
  computer_id = 1,
  device_name = "EMCU",
  latest_ping = 9912.3000000000011,
  ping_send = true
}
[9913.200][18:29:37 10.09.2026][Main][INFO] Disconnected from EMCU {
  computer_id = 1,
  device_name = "EMCU",
  latest_ping = 9912.2,
  ping_send = true
}
[9913.400][18:29:37 10.09.2026][Main][INFO] Disconnected from EMCU {
  computer_id = 1,
  device_name = "EMCU",
  latest_ping = 9912.4000000000015,
  ping_send = true
}
[9914.300][18:29:38 10.09.2026][Main][INFO] Connected to EMCU {
  computer_id = 1,
  device_name = "EMCU",
  latest_ping = 9914.3000000000011,
  ping_send = false
}
[9914.200][18:29:38 10.09.2026][Main][INFO] Connected to EMCU {
  computer_id = 1,
  device_name = "EMCU",
  latest_ping = 9914.2,
  ping_send = false
}
[9914.400][18:29:38 10.09.2026][Main][INFO] Connected to EMCU {
  computer_id = 1,
  device_name = "EMCU",
  latest_ping = 9914.4000000000015,
  ping_send = false
}
[10088.700][18:32:32 10.09.2026][Main][INFO] Disconnected from EMCU {
  computer_id = 1,
  device_name = "EMCU",
  latest_ping = 10087.7,
  ping_send = true
}
[10088.900][18:32:32 10.09.2026][Main][INFO] Disconnected from EMCU {
  computer_id = 1,
  device_name = "EMCU",
  latest_ping = 10087.900000000001,
  ping_send = true
}
[10088.900][18:32:32 10.09.2026][Main][INFO] Disconnected from EMCU {
  computer_id = 1,
  device_name = "EMCU",
  latest_ping = 10087.900000000001,
  ping_send = true
}
[10282.700][18:35:46 10.09.2026][Main][INFO] Connected to EMCU {
  computer_id = 1,
  device_name = "EMCU",
  latest_ping = 10282.7,
  ping_send = false
}
[10282.900][18:35:46 10.09.2026][Main][INFO] Connected to EMCU {
  computer_id = 1,
  device_name = "EMCU",
  latest_ping = 10282.900000000001,
  ping_send = false
}
[10282.900][18:35:46 10.09.2026][Main][INFO] Connected to EMCU {
  computer_id = 1,
  device_name = "EMCU",
  latest_ping = 10282.900000000001,
  ping_send = false
}
[10712.000][18:42:55 10.09.2026][Main][INFO] Disconnected from EMCU {
  computer_id = 1,
  device_name = "EMCU",
  latest_ping = 10711,
  ping_send = true
}
[10711.900][18:42:55 10.09.2026][Main][INFO] Disconnected from EMCU {
  computer_id = 1,
  device_name = "EMCU",
  latest_ping = 10710.900000000001,
  ping_send = true
}
[10712.100][18:42:55 10.09.2026][Main][INFO] Disconnected from EMCU {
  computer_id = 1,
  device_name = "EMCU",
  latest_ping = 10711.1,
  ping_send = true
}
[10713.000][18:42:56 10.09.2026][Main][INFO] Connected to EMCU {
  computer_id = 1,
  device_name = "EMCU",
  latest_ping = 10713,
  ping_send = false
}
[10712.900][18:42:56 10.09.2026][Main][INFO] Connected to EMCU {
  computer_id = 1,
  device_name = "EMCU",
  latest_ping = 10712.900000000001,
  ping_send = false
}
[10713.100][18:42:56 10.09.2026][Main][INFO] Connected to EMCU {
  computer_id = 1,
  device_name = "EMCU",
  latest_ping = 10713.1,
  ping_send = false
}
[10796.900][18:44:20 10.09.2026][Main][INFO] Disconnected from EMCU {
  computer_id = 1,
  device_name = "EMCU",
  latest_ping = 10795.900000000001,
  ping_send = true
}
[10796.800][18:44:20 10.09.2026][Main][INFO] Disconnected from EMCU {
  computer_id = 1,
  device_name = "EMCU",
  latest_ping = 10795.800000000001,
  ping_send = true
}
[10797.000][18:44:20 10.09.2026][Main][INFO] Disconnected from EMCU {
  computer_id = 1,
  device_name = "EMCU",
  latest_ping = 10796,
  ping_send = true
}
[11004.900][18:47:48 10.09.2026][Main][INFO] Connected to EMCU {
  computer_id = 1,
  device_name = "EMCU",
  latest_ping = 11004.900000000001,
  ping_send = false
}
[11004.800][18:47:48 10.09.2026][Main][INFO] Connected to EMCU {
  computer_id = 1,
  device_name = "EMCU",
  latest_ping = 11004.800000000001,
  ping_send = false
}
[11005.000][18:47:48 10.09.2026][Main][INFO] Connected to EMCU {
  computer_id = 1,
  device_name = "EMCU",
  latest_ping = 11005,
  ping_send = false
}
[11054.400][18:48:38 10.09.2026][Main][INFO] Disconnected from EMCU {
  computer_id = 1,
  device_name = "EMCU",
  latest_ping = 11053.400000000001,
  ping_send = true
}
[11054.600][18:48:38 10.09.2026][Main][INFO] Disconnected from EMCU {
  computer_id = 1,
  device_name = "EMCU",
  latest_ping = 11053.6,
  ping_send = true
}
[11054.400][18:48:38 10.09.2026][Main][INFO] Connected to EMCU {
  computer_id = 1,
  device_name = "EMCU",
  latest_ping = 11054.400000000001,
  ping_send = false
}
[11054.600][18:48:38 10.09.2026][Main][INFO] Connected to EMCU {
  computer_id = 1,
  device_name = "EMCU",
  latest_ping = 11054.6,
  ping_send = false
}
[11054.600][18:48:38 10.09.2026][Main][INFO] Disconnected from EMCU {
  computer_id = 1,
  device_name = "EMCU",
  latest_ping = 11053.6,
  ping_send = true
}
[11054.600][18:48:38 10.09.2026][Main][INFO] Connected to EMCU {
  computer_id = 1,
  device_name = "EMCU",
  latest_ping = 11054.6,
  ping_send = false
}
[11202.600][18:51:07 10.09.2026][Main][INFO] Disconnected from EMCU {
  computer_id = 1,
  device_name = "EMCU",
  latest_ping = 11201.6,
  ping_send = true
}
[11202.500][18:51:07 10.09.2026][Main][INFO] Disconnected from EMCU {
  computer_id = 1,
  device_name = "EMCU",
  latest_ping = 11201.5,
  ping_send = true
}
[11202.700][18:51:07 10.09.2026][Main][INFO] Disconnected from EMCU {
  computer_id = 1,
  device_name = "EMCU",
  latest_ping = 11201.7,
  ping_send = true
}
[11204.600][18:51:09 10.09.2026][Main][INFO] Connected to EMCU {
  computer_id = 1,
  device_name = "EMCU",
  latest_ping = 11204.6,
  ping_send = false
}
[11204.500][18:51:09 10.09.2026][Main][INFO] Connected to EMCU {
  computer_id = 1,
  device_name = "EMCU",
  latest_ping = 11204.5,
  ping_send = false
}
[11204.700][18:51:09 10.09.2026][Main][INFO] Connected to EMCU {
  computer_id = 1,
  device_name = "EMCU",
  latest_ping = 11204.7,
  ping_send = false
}
[11323.800][18:53:08 10.09.2026][Main][INFO] Disconnected from EMCU {
  computer_id = 1,
  device_name = "EMCU",
  latest_ping = 11322.800000000001,
  ping_send = true
}
[11323.800][18:53:08 10.09.2026][Main][INFO] Connected to EMCU {
  computer_id = 1,
  device_name = "EMCU",
  latest_ping = 11323.800000000001,
  ping_send = false
}
[11323.700][18:53:09 10.09.2026][Main][INFO] Disconnected from EMCU {
  computer_id = 1,
  device_name = "EMCU",
  latest_ping = 11322.7,
  ping_send = true
}
[11323.900][18:53:09 10.09.2026][Main][INFO] Disconnected from EMCU {
  computer_id = 1,
  device_name = "EMCU",
  latest_ping = 11322.900000000001,
  ping_send = true
}
[11323.700][18:53:09 10.09.2026][Main][INFO] Connected to EMCU {
  computer_id = 1,
  device_name = "EMCU",
  latest_ping = 11323.7,
  ping_send = false
}
[11323.900][18:53:09 10.09.2026][Main][INFO] Connected to EMCU {
  computer_id = 1,
  device_name = "EMCU",
  latest_ping = 11323.900000000001,
  ping_send = false
}
[12045.400][19:05:10 10.09.2026][Main][INFO] Disconnected from EMCU {
  computer_id = 1,
  device_name = "EMCU",
  latest_ping = 12044.400000000001,
  ping_send = true
}
[12045.600][19:05:10 10.09.2026][Main][INFO] Disconnected from EMCU {
  computer_id = 1,
  device_name = "EMCU",
  latest_ping = 12044.6,
  ping_send = true
}
[12045.600][19:05:10 10.09.2026][Main][INFO] Disconnected from EMCU {
  computer_id = 1,
  device_name = "EMCU",
  latest_ping = 12044.6,
  ping_send = true
}
[207.400][21:08:53 10.09.2026][Main][INFO] Connected to EMCU {
  computer_id = 1,
  device_name = "EMCU",
  latest_ping = 207.4,
  ping_send = false
}
[208.400][21:08:53 10.09.2026][Main][INFO] Connected to EMCU {
  computer_id = 1,
  device_name = "EMCU",
  latest_ping = 208.4,
  ping_send = false
}
[208.450][21:08:54 10.09.2026][Main][INFO] Connected to EMCU {
  computer_id = 1,
  device_name = "EMCU",
  latest_ping = 208.45000000000002,
  ping_send = false
}
[224.600][21:09:10 10.09.2026][Main][INFO] Connected to EMCU {
  computer_id = 1,
  device_name = "EMCU",
  latest_ping = 224.60000000000002,
  ping_send = false
}
[229.900][21:09:15 10.09.2026][Main][INFO] Disconnected from EMCU {
  computer_id = 1,
  device_name = "EMCU",
  latest_ping = 228.9,
  ping_send = true
}
[229.900][21:09:15 10.09.2026][Main][INFO] Disconnected from EMCU {
  computer_id = 1,
  device_name = "EMCU",
  latest_ping = 228.9,
  ping_send = true
}
[229.900][21:09:15 10.09.2026][Main][INFO] Connected to EMCU {
  computer_id = 1,
  device_name = "EMCU",
  latest_ping = 229.9,
  ping_send = false
}
[229.900][21:09:15 10.09.2026][Main][INFO] Connected to EMCU {
  computer_id = 1,
  device_name = "EMCU",
  latest_ping = 229.9,
  ping_send = false
}
[229.800][21:09:15 10.09.2026][Main][INFO] Disconnected from EMCU {
  computer_id = 1,
  device_name = "EMCU",
  latest_ping = 228.8,
  ping_send = true
}
[229.800][21:09:15 10.09.2026][Main][INFO] Connected to EMCU {
  computer_id = 1,
  device_name = "EMCU",
  latest_ping = 229.8,
  ping_send = false
}
[259.300][21:09:44 10.09.2026][Main][INFO] Disconnected from EMCU {
  computer_id = 1,
  device_name = "EMCU",
  latest_ping = 258.3,
  ping_send = true
}
[259.300][21:09:44 10.09.2026][Main][INFO] Disconnected from EMCU {
  computer_id = 1,
  device_name = "EMCU",
  latest_ping = 258.3,
  ping_send = true
}
[259.200][21:09:44 10.09.2026][Main][INFO] Disconnected from EMCU {
  computer_id = 1,
  device_name = "EMCU",
  latest_ping = 258.2,
  ping_send = true
}
