[3095.750][16:28:08 10.09.2026][App][DEBUG] {
  current_floor_lcu = 0,
  final_limit_lcus = {
    lower = 7,
    upper = 0
  },
  known_ccu = 2,
  known_lcus = {
    {
      computer_id = 7,
      computer_label = "1st floor",
      floor = 1,
      floor_name = "G",
      position = 0
    },
    {
      computer_id = 0,
      computer_label = "5th floor",
      floor = 5,
      floor_name = "5",
      position = 24
    },
    {
      computer_id = 8,
      computer_label = "3rd floor",
      floor = 3,
      floor_name = "3",
      position = 12
    }
  }
}
[3096.050][16:28:09 10.09.2026][App][INFO] Pre ready
[3096.050][16:28:09 10.09.2026][App][INFO] Checking LCUs for learning
[3096.050][16:28:09 10.09.2026][App][INFO] Ready
[3096.050][16:28:09 10.09.2026][App][INFO] Floor and position restored from memory, position: 24 floor: 5
[3096.050][16:28:09 10.09.2026][App][DEBUG] Scheduler loop
[3100.650][16:28:13 10.09.2026][App][DEBUG] New request {
  action = "HALL CALL",
  direction = "down",
  floor = 5
}
[3100.650][16:28:13 10.09.2026][App][DEBUG] Hall call made when car was there, opening doors
[3100.650][16:28:13 10.09.2026][App][DEBUG] Request handled
[3100.650][16:28:13 10.09.2026][App][DEBUG] Up queue:
[3100.650][16:28:13 10.09.2026][App][DEBUG] Down queue:
[3102.650][16:28:15 10.09.2026][App][DEBUG] New request {
  action = "CAR CALL",
  floor = 3
}
[3102.650][16:28:15 10.09.2026][App][DEBUG] Request handled
[3102.650][16:28:15 10.09.2026][App][DEBUG] Up queue:
[3102.650][16:28:15 10.09.2026][App][DEBUG] Down queue:
[3102.650][16:28:15 10.09.2026][App][DEBUG] CAR CALL | 3
[3111.350][16:28:24 10.09.2026][App][INFO] Starting move from 5 to 3 ; blocks to pass: 12 direction: rev
[3112.150][16:28:25 10.09.2026][App][DEBUG] New request {
  action = "HALL CALL",
  direction = "down",
  floor = 5
}
[3112.150][16:28:25 10.09.2026][App][DEBUG] Request handled
[3112.150][16:28:25 10.09.2026][App][DEBUG] Up queue:
[3112.150][16:28:25 10.09.2026][App][DEBUG] Down queue:
[3112.150][16:28:25 10.09.2026][App][DEBUG] HALL CALL | 5
[3117.750][16:28:30 10.09.2026][App][INFO] Starting move from 3 to 5 ; blocks to pass: 12 direction: fwd
[3220.600][16:30:13 10.09.2026][App][DEBUG] {
  current_floor_lcu = 0,
  final_limit_lcus = {
    lower = 7,
    upper = 0
  },
  known_ccu = 2,
  known_lcus = {
    {
      computer_id = 7,
      computer_label = "1st floor",
      floor = 1,
      floor_name = "G",
      position = 0
    },
    {
      computer_id = 0,
      computer_label = "5th floor",
      floor = 5,
      floor_name = "5",
      position = 24
    },
    {
      computer_id = 8,
      computer_label = "3rd floor",
      floor = 3,
      floor_name = "3",
      position = 12
    }
  }
}
[3221.250][16:30:14 10.09.2026][App][INFO] Pre ready
[3221.250][16:30:14 10.09.2026][App][INFO] Checking LCUs for learning
[3221.250][16:30:14 10.09.2026][App][INFO] Ready
[3221.250][16:30:14 10.09.2026][App][INFO] Floor and position restored from memory, position: 24 floor: 5
[3221.250][16:30:14 10.09.2026][App][DEBUG] Scheduler loop
[3223.450][16:30:16 10.09.2026][App][DEBUG] New request {
  action = "HALL CALL",
  direction = "down",
  floor = 5
}
[3223.450][16:30:16 10.09.2026][App][DEBUG] Hall call made when car was there, opening doors
[3223.450][16:30:16 10.09.2026][App][DEBUG] Request handled
[3223.450][16:30:16 10.09.2026][App][DEBUG] Up queue:
[3223.450][16:30:16 10.09.2026][App][DEBUG] Down queue:
[3226.500][16:30:19 10.09.2026][App][DEBUG] New request {
  action = "CAR CALL",
  floor = 3
}
[3226.500][16:30:19 10.09.2026][App][DEBUG] Request handled
[3226.500][16:30:19 10.09.2026][App][DEBUG] Up queue:
[3226.500][16:30:19 10.09.2026][App][DEBUG] Down queue:
[3226.500][16:30:19 10.09.2026][App][DEBUG] CAR CALL | 3
[3234.150][16:30:27 10.09.2026][App][INFO] Starting move from 5 to 3 ; blocks to pass: 12 direction: rev
[3234.900][16:30:27 10.09.2026][App][DEBUG] New request {
  action = "HALL CALL",
  direction = "down",
  floor = 5
}
[3234.900][16:30:27 10.09.2026][App][DEBUG] Request handled
[3234.900][16:30:27 10.09.2026][App][DEBUG] Up queue:
[3234.900][16:30:27 10.09.2026][App][DEBUG] Down queue:
[3234.900][16:30:27 10.09.2026][App][DEBUG] HALL CALL | 5
[3240.550][16:30:33 10.09.2026][App][INFO] Starting move from 3 to 5 ; blocks to pass: 12 direction: fwd
[3267.700][16:31:00 10.09.2026][App][DEBUG] New request {
  action = "DOORS",
  state = "open"
}
[3267.700][16:31:00 10.09.2026][App][DEBUG] Request handled
[3267.700][16:31:00 10.09.2026][App][DEBUG] Up queue:
[3267.700][16:31:00 10.09.2026][App][DEBUG] Down queue:
[3269.500][16:31:02 10.09.2026][App][DEBUG] New request {
  action = "CAR CALL",
  floor = 3
}
[3269.500][16:31:02 10.09.2026][App][DEBUG] Request handled
[3269.500][16:31:02 10.09.2026][App][DEBUG] Up queue:
[3269.500][16:31:02 10.09.2026][App][DEBUG] Down queue:
[3269.500][16:31:02 10.09.2026][App][DEBUG] CAR CALL | 3
[3270.000][16:31:03 10.09.2026][App][DEBUG] New request {
  action = "CAR CALL",
  floor = 1
}
[3270.000][16:31:03 10.09.2026][App][DEBUG] Request handled
[3270.000][16:31:03 10.09.2026][App][DEBUG] Up queue:
[3270.000][16:31:03 10.09.2026][App][DEBUG] Down queue:
[3270.000][16:31:03 10.09.2026][App][DEBUG] CAR CALL | 3
[3270.000][16:31:03 10.09.2026][App][DEBUG] CAR CALL | 1
[3270.500][16:31:03 10.09.2026][App][DEBUG] New request {
  action = "DOORS",
  state = "close"
}
[3270.500][16:31:03 10.09.2026][App][DEBUG] Request handled
[3270.500][16:31:03 10.09.2026][App][DEBUG] Up queue:
[3270.500][16:31:03 10.09.2026][App][DEBUG] Down queue:
[3270.500][16:31:03 10.09.2026][App][DEBUG] CAR CALL | 3
[3270.500][16:31:03 10.09.2026][App][DEBUG] CAR CALL | 1
[3271.850][16:31:04 10.09.2026][App][INFO] Starting move from 5 to 3 ; blocks to pass: 12 direction: rev
[3278.250][16:31:11 10.09.2026][App][INFO] Starting move from 3 to 1 ; blocks to pass: 12 direction: rev
[3409.950][16:33:23 10.09.2026][App][DEBUG] New request {
  action = "CAR CALL",
  floor = 5
}
[3409.950][16:33:23 10.09.2026][App][DEBUG] Request handled
[3409.950][16:33:23 10.09.2026][App][DEBUG] Up queue:
[3409.950][16:33:23 10.09.2026][App][DEBUG] CAR CALL | 5
[3409.950][16:33:23 10.09.2026][App][DEBUG] Down queue:
[3410.050][16:33:23 10.09.2026][App][INFO] Starting move from 1 to 5 ; blocks to pass: 24 direction: fwd
[3423.150][16:33:36 10.09.2026][App][DEBUG] New request {
  action = "DOORS",
  state = "close"
}
[3423.150][16:33:36 10.09.2026][App][DEBUG] Request handled
[3423.150][16:33:36 10.09.2026][App][DEBUG] Up queue:
[3423.150][16:33:36 10.09.2026][App][DEBUG] Down queue:
[3426.450][16:33:39 10.09.2026][App][DEBUG] {
  current_floor_lcu = 0,
  final_limit_lcus = {
    lower = 7,
    upper = 0
  },
  known_ccu = 2,
  known_lcus = {
    {
      computer_id = 7,
      computer_label = "1st floor",
      floor = 1,
      floor_name = "G",
      position = 0
    },
    {
      computer_id = 0,
      computer_label = "5th floor",
      floor = 5,
      floor_name = "5",
      position = 24
    },
    {
      computer_id = 8,
      computer_label = "3rd floor",
      floor = 3,
      floor_name = "3",
      position = 12
    }
  }
}
[3426.600][16:33:39 10.09.2026][App][INFO] Pre ready
[3426.600][16:33:39 10.09.2026][App][INFO] Checking LCUs for learning
[3426.600][16:33:39 10.09.2026][App][INFO] Ready
[3426.600][16:33:39 10.09.2026][App][INFO] Floor and position restored from memory, position: 24 floor: 5
[3426.600][16:33:39 10.09.2026][App][DEBUG] Scheduler loop
[3433.700][16:33:46 10.09.2026][App][DEBUG] New request {
  action = "DOORS",
  state = "open"
}
[3433.700][16:33:46 10.09.2026][App][DEBUG] Request handled
[3433.700][16:33:46 10.09.2026][App][DEBUG] Up queue:
[3433.700][16:33:46 10.09.2026][App][DEBUG] Down queue:
[3435.750][16:33:48 10.09.2026][App][DEBUG] New request {
  action = "CAR CALL",
  floor = 3
}
[3435.750][16:33:48 10.09.2026][App][DEBUG] Request handled
[3435.750][16:33:48 10.09.2026][App][DEBUG] Up queue:
[3435.750][16:33:48 10.09.2026][App][DEBUG] Down queue:
[3435.750][16:33:48 10.09.2026][App][DEBUG] CAR CALL | 3
[3444.400][16:33:57 10.09.2026][App][INFO] Starting move from 5 to 3 ; blocks to pass: 12 direction: rev
[3445.050][16:33:58 10.09.2026][App][DEBUG] New request {
  action = "HALL CALL",
  direction = "down",
  floor = 5
}
[3445.050][16:33:58 10.09.2026][App][DEBUG] Request handled
[3445.050][16:33:58 10.09.2026][App][DEBUG] Up queue:
[3445.050][16:33:58 10.09.2026][App][DEBUG] Down queue:
[3445.050][16:33:58 10.09.2026][App][DEBUG] HALL CALL | 5
[3450.900][16:34:03 10.09.2026][App][INFO] Starting move from 3 to 5 ; blocks to pass: 12 direction: fwd
[3676.550][16:37:49 10.09.2026][App][DEBUG] {
  current_floor_lcu = 0,
  final_limit_lcus = {
    lower = 7,
    upper = 0
  },
  known_ccu = 2,
  known_lcus = {
    {
      computer_id = 7,
      computer_label = "1st floor",
      floor = 1,
      floor_name = "G",
      position = 0
    },
    {
      computer_id = 0,
      computer_label = "5th floor",
      floor = 5,
      floor_name = "5",
      position = 24
    },
    {
      computer_id = 8,
      computer_label = "3rd floor",
      floor = 3,
      floor_name = "3",
      position = 12
    }
  }
}
[3676.950][16:37:49 10.09.2026][App][INFO] Pre ready
[3676.950][16:37:49 10.09.2026][App][INFO] Checking LCUs for learning
[3676.950][16:37:49 10.09.2026][App][INFO] Ready
[3676.950][16:37:49 10.09.2026][App][INFO] Floor and position restored from memory, position: 24 floor: 5
[3676.950][16:37:49 10.09.2026][App][DEBUG] Scheduler loop
[3681.600][16:37:54 10.09.2026][App][DEBUG] New request {
  action = "DOORS",
  state = "open"
}
[3681.600][16:37:54 10.09.2026][App][DEBUG] Request handled
[3681.600][16:37:54 10.09.2026][App][DEBUG] Up queue:
[3681.600][16:37:54 10.09.2026][App][DEBUG] Down queue:
[3701.350][16:38:14 10.09.2026][App][DEBUG] New request {
  action = "DOORS",
  state = "open"
}
[3701.350][16:38:14 10.09.2026][App][DEBUG] Request handled
[3701.350][16:38:14 10.09.2026][App][DEBUG] Up queue:
[3701.350][16:38:14 10.09.2026][App][DEBUG] Down queue:
[3703.250][16:38:16 10.09.2026][App][DEBUG] New request {
  action = "CAR CALL",
  floor = 3
}
[3703.250][16:38:16 10.09.2026][App][DEBUG] Request handled
[3703.250][16:38:16 10.09.2026][App][DEBUG] Up queue:
[3703.250][16:38:16 10.09.2026][App][DEBUG] Down queue:
[3703.250][16:38:16 10.09.2026][App][DEBUG] CAR CALL | 3
[3712.050][16:38:25 10.09.2026][App][INFO] Starting move from 5 to 3 ; blocks to pass: 12 direction: rev
[3712.850][16:38:25 10.09.2026][App][DEBUG] New request {
  action = "HALL CALL",
  direction = "down",
  floor = 5
}
[3712.850][16:38:25 10.09.2026][App][DEBUG] Request handled
[3712.850][16:38:25 10.09.2026][App][DEBUG] Up queue:
[3712.850][16:38:25 10.09.2026][App][DEBUG] Down queue:
[3712.850][16:38:25 10.09.2026][App][DEBUG] HALL CALL | 5
[3729.050][16:38:42 10.09.2026][App][INFO] Starting move from 3 to 5 ; blocks to pass: 12 direction: fwd
[3733.750][16:38:46 10.09.2026][App][DEBUG] New request {
  action = "HALL CALL",
  direction = "down",
  floor = 1
}
[3733.750][16:38:46 10.09.2026][App][DEBUG] Request handled
[3733.750][16:38:46 10.09.2026][App][DEBUG] Up queue:
[3733.750][16:38:46 10.09.2026][App][DEBUG] Down queue:
[3733.750][16:38:46 10.09.2026][App][DEBUG] HALL CALL | 1
[3746.050][16:38:59 10.09.2026][App][INFO] Starting move from 5 to 1 ; blocks to pass: 24 direction: rev
[3749.050][16:39:02 10.09.2026][App][DEBUG] New request {
  action = "HALL CALL",
  direction = "up",
  floor = 5
}
[3749.050][16:39:02 10.09.2026][App][DEBUG] Request handled
[3749.050][16:39:02 10.09.2026][App][DEBUG] Up queue:
[3749.050][16:39:02 10.09.2026][App][DEBUG] HALL CALL | 5
[3749.050][16:39:02 10.09.2026][App][DEBUG] Down queue:
[3751.950][16:39:05 10.09.2026][App][DEBUG] New request {
  action = "HALL CALL",
  direction = "up",
  floor = 5
}
[3751.950][16:39:05 10.09.2026][App][DEBUG] Request handled
[3751.950][16:39:05 10.09.2026][App][DEBUG] Up queue:
[3751.950][16:39:05 10.09.2026][App][DEBUG] HALL CALL | 5
[3751.950][16:39:05 10.09.2026][App][DEBUG] Down queue:
[3768.150][16:39:21 10.09.2026][App][INFO] Starting move from 1 to 5 ; blocks to pass: 24 direction: fwd
[3784.150][16:39:37 10.09.2026][App][DEBUG] New request {
  action = "DOORS",
  state = "close"
}
[3784.150][16:39:37 10.09.2026][App][DEBUG] Request handled
[3784.150][16:39:37 10.09.2026][App][DEBUG] Up queue:
[3784.150][16:39:37 10.09.2026][App][DEBUG] Down queue:
[3842.200][16:40:35 10.09.2026][App][DEBUG] {
  current_floor_lcu = 0,
  final_limit_lcus = {
    lower = 7,
    upper = 0
  },
  known_ccu = 2,
  known_lcus = {
    {
      computer_id = 7,
      computer_label = "1st floor",
      floor = 1,
      floor_name = "G",
      position = 0
    },
    {
      computer_id = 0,
      computer_label = "5th floor",
      floor = 5,
      floor_name = "5",
      position = 24
    },
    {
      computer_id = 8,
      computer_label = "3rd floor",
      floor = 3,
      floor_name = "3",
      position = 12
    }
  }
}
[3842.500][16:40:35 10.09.2026][App][INFO] Pre ready
[3842.500][16:40:35 10.09.2026][App][INFO] Checking LCUs for learning
[3842.500][16:40:35 10.09.2026][App][INFO] Ready
[3842.500][16:40:35 10.09.2026][App][INFO] Floor and position restored from memory, position: 24 floor: 5
[3842.500][16:40:35 10.09.2026][App][DEBUG] Scheduler loop
[3844.800][16:40:37 10.09.2026][App][DEBUG] New request {
  action = "CAR CALL",
  floor = 3
}
[3844.800][16:40:37 10.09.2026][App][DEBUG] Request handled
[3844.800][16:40:37 10.09.2026][App][DEBUG] Up queue:
[3844.800][16:40:37 10.09.2026][App][DEBUG] Down queue:
[3844.800][16:40:37 10.09.2026][App][DEBUG] CAR CALL | 3
[3844.900][16:40:37 10.09.2026][App][INFO] Starting move from 5 to 3 ; blocks to pass: 12 direction: rev
[3853.500][16:40:46 10.09.2026][App][DEBUG] New request {
  action = "CAR CALL",
  floor = 1
}
[3853.500][16:40:46 10.09.2026][App][DEBUG] Request handled
[3853.500][16:40:46 10.09.2026][App][DEBUG] Up queue:
[3853.500][16:40:46 10.09.2026][App][DEBUG] Down queue:
[3853.500][16:40:46 10.09.2026][App][DEBUG] CAR CALL | 1
[3854.100][16:40:47 10.09.2026][App][DEBUG] New request {
  action = "CAR CALL",
  floor = 5
}
[3854.100][16:40:47 10.09.2026][App][DEBUG] Request handled
[3854.100][16:40:47 10.09.2026][App][DEBUG] Up queue:
[3854.100][16:40:47 10.09.2026][App][DEBUG] CAR CALL | 5
[3854.100][16:40:47 10.09.2026][App][DEBUG] Down queue:
[3854.100][16:40:47 10.09.2026][App][DEBUG] CAR CALL | 1
[3861.900][16:40:54 10.09.2026][App][INFO] Starting move from 3 to 1 ; blocks to pass: 12 direction: rev
[3872.100][16:41:05 10.09.2026][App][DEBUG] New request {
  action = "HALL CALL",
  direction = "down",
  floor = 3
}
[3872.100][16:41:05 10.09.2026][App][DEBUG] Request handled
[3872.100][16:41:05 10.09.2026][App][DEBUG] Up queue:
[3872.100][16:41:05 10.09.2026][App][DEBUG] CAR CALL | 5
[3872.100][16:41:05 10.09.2026][App][DEBUG] Down queue:
[3872.100][16:41:05 10.09.2026][App][DEBUG] HALL CALL | 3
[3878.900][16:41:11 10.09.2026][App][INFO] Starting move from 1 to 3 ; blocks to pass: 12 direction: fwd
[3937.050][16:42:10 10.09.2026][App][DEBUG] New request {
  action = "HALL CALL",
  direction = "up",
  floor = 5
}
[3937.050][16:42:10 10.09.2026][App][DEBUG] Request handled
[3937.050][16:42:10 10.09.2026][App][DEBUG] Up queue:
[3937.050][16:42:10 10.09.2026][App][DEBUG] CAR CALL | 5
[3937.050][16:42:10 10.09.2026][App][DEBUG] Down queue:
[3942.800][16:42:15 10.09.2026][App][DEBUG] New request {
  action = "HALL CALL",
  direction = "up",
  floor = 5
}
[3942.800][16:42:15 10.09.2026][App][DEBUG] Request handled
[3942.800][16:42:15 10.09.2026][App][DEBUG] Up queue:
[3942.800][16:42:15 10.09.2026][App][DEBUG] CAR CALL | 5
[3942.800][16:42:15 10.09.2026][App][DEBUG] Down queue:
[3962.700][16:42:35 10.09.2026][App][DEBUG] {
  current_floor_lcu = 0,
  final_limit_lcus = {
    lower = 7,
    upper = 0
  },
  known_ccu = 2,
  known_lcus = {
    {
      computer_id = 7,
      computer_label = "1st floor",
      floor = 1,
      floor_name = "G",
      position = 0
    },
    {
      computer_id = 0,
      computer_label = "5th floor",
      floor = 5,
      floor_name = "5",
      position = 24
    },
    {
      computer_id = 8,
      computer_label = "3rd floor",
      floor = 3,
      floor_name = "3",
      position = 12
    }
  }
}
[3963.650][16:42:36 10.09.2026][App][INFO] Pre ready
[3963.650][16:42:36 10.09.2026][App][INFO] Checking LCUs for learning
[3963.650][16:42:36 10.09.2026][App][INFO] Ready
[3963.650][16:42:36 10.09.2026][App][INFO] Floor and position restored from memory, position: 24 floor: 5
[3963.650][16:42:36 10.09.2026][App][DEBUG] Scheduler loop
[3969.750][16:42:42 10.09.2026][App][DEBUG] New request {
  action = "CAR CALL",
  floor = 1
}
[3969.750][16:42:42 10.09.2026][App][DEBUG] Request handled
[3969.750][16:42:42 10.09.2026][App][DEBUG] Up queue:
[3969.750][16:42:42 10.09.2026][App][DEBUG] Down queue:
[3969.750][16:42:42 10.09.2026][App][DEBUG] CAR CALL | 1
[3969.850][16:42:42 10.09.2026][App][INFO] Starting move from 5 to 1 ; blocks to pass: 24 direction: rev
[3982.200][16:42:55 10.09.2026][App][DEBUG] New request {
  action = "CAR CALL",
  floor = 3
}
[3982.200][16:42:55 10.09.2026][App][DEBUG] Request handled
[3982.200][16:42:55 10.09.2026][App][DEBUG] Up queue:
[3982.200][16:42:55 10.09.2026][App][DEBUG] CAR CALL | 3
[3982.200][16:42:55 10.09.2026][App][DEBUG] Down queue:
[3983.350][16:42:56 10.09.2026][App][DEBUG] New request {
  action = "CAR CALL",
  floor = 5
}
[3983.350][16:42:56 10.09.2026][App][DEBUG] Request handled
[3983.350][16:42:56 10.09.2026][App][DEBUG] Up queue:
[3983.350][16:42:56 10.09.2026][App][DEBUG] CAR CALL | 3
[3983.350][16:42:56 10.09.2026][App][DEBUG] CAR CALL | 5
[3983.350][16:42:56 10.09.2026][App][DEBUG] Down queue:
[3986.250][16:42:59 10.09.2026][App][DEBUG] New request {
  action = "DOORS",
  state = "close"
}
[3986.250][16:42:59 10.09.2026][App][DEBUG] Request handled
[3986.250][16:42:59 10.09.2026][App][DEBUG] Up queue:
[3986.250][16:42:59 10.09.2026][App][DEBUG] CAR CALL | 3
[3986.250][16:42:59 10.09.2026][App][DEBUG] CAR CALL | 5
[3986.250][16:42:59 10.09.2026][App][DEBUG] Down queue:
[3987.650][16:43:00 10.09.2026][App][INFO] Starting move from 1 to 3 ; blocks to pass: 12 direction: fwd
[3995.700][16:43:08 10.09.2026][App][DEBUG] New request {
  action = "DOORS",
  state = "close"
}
[3995.700][16:43:08 10.09.2026][App][DEBUG] Request handled
[3995.700][16:43:08 10.09.2026][App][DEBUG] Up queue:
[3995.700][16:43:08 10.09.2026][App][DEBUG] CAR CALL | 5
[3995.700][16:43:08 10.09.2026][App][DEBUG] Down queue:
[3997.050][16:43:10 10.09.2026][App][INFO] Starting move from 3 to 5 ; blocks to pass: 12 direction: fwd
[4005.050][16:43:18 10.09.2026][App][DEBUG] New request {
  action = "CAR CALL",
  floor = 1
}
[4005.050][16:43:18 10.09.2026][App][DEBUG] Request handled
[4005.050][16:43:18 10.09.2026][App][DEBUG] Up queue:
[4005.050][16:43:18 10.09.2026][App][DEBUG] Down queue:
[4005.050][16:43:18 10.09.2026][App][DEBUG] CAR CALL | 1
[4005.850][16:43:18 10.09.2026][App][DEBUG] New request {
  action = "DOORS",
  state = "close"
}
[4005.850][16:43:18 10.09.2026][App][DEBUG] Request handled
[4005.850][16:43:18 10.09.2026][App][DEBUG] Up queue:
[4005.850][16:43:18 10.09.2026][App][DEBUG] Down queue:
[4005.850][16:43:18 10.09.2026][App][DEBUG] CAR CALL | 1
[4007.250][16:43:20 10.09.2026][App][INFO] Starting move from 5 to 1 ; blocks to pass: 24 direction: rev
[4019.700][16:43:32 10.09.2026][App][DEBUG] New request {
  action = "CAR CALL",
  floor = 5
}
[4019.700][16:43:32 10.09.2026][App][DEBUG] Request handled
[4019.700][16:43:32 10.09.2026][App][DEBUG] Up queue:
[4019.700][16:43:32 10.09.2026][App][DEBUG] CAR CALL | 5
[4019.700][16:43:32 10.09.2026][App][DEBUG] Down queue:
[4023.250][16:43:36 10.09.2026][App][DEBUG] New request {
  action = "HALL CALL",
  direction = "down",
  floor = 3
}
[4023.250][16:43:36 10.09.2026][App][DEBUG] Request handled
[4023.250][16:43:36 10.09.2026][App][DEBUG] Up queue:
[4023.250][16:43:36 10.09.2026][App][DEBUG] CAR CALL | 5
[4023.250][16:43:36 10.09.2026][App][DEBUG] Down queue:
[4023.250][16:43:36 10.09.2026][App][DEBUG] HALL CALL | 3
[4029.350][16:43:42 10.09.2026][App][INFO] Starting move from 1 to 5 ; blocks to pass: 24 direction: fwd
[4055.900][16:44:08 10.09.2026][App][DEBUG] New request {
  action = "HALL CALL",
  direction = "down",
  floor = 3
}
[4055.900][16:44:08 10.09.2026][App][DEBUG] Request handled
[4055.900][16:44:08 10.09.2026][App][DEBUG] Up queue:
[4055.900][16:44:08 10.09.2026][App][DEBUG] Down queue:
[4055.900][16:44:08 10.09.2026][App][DEBUG] HALL CALL | 3
[4061.900][16:44:14 10.09.2026][App][DEBUG] New request {
  action = "HALL CALL",
  direction = "up",
  floor = 3
}
[4061.900][16:44:14 10.09.2026][App][DEBUG] Request handled
[4061.900][16:44:14 10.09.2026][App][DEBUG] Up queue:
[4061.900][16:44:14 10.09.2026][App][DEBUG] HALL CALL | 3
[4061.900][16:44:14 10.09.2026][App][DEBUG] Down queue:
[4061.900][16:44:14 10.09.2026][App][DEBUG] HALL CALL | 3
[4061.950][16:44:14 10.09.2026][App][INFO] Starting move from 5 to 3 ; blocks to pass: 12 direction: rev
[4073.400][16:44:26 10.09.2026][App][DEBUG] New request {
  action = "DOORS",
  state = "close"
}
[4073.400][16:44:26 10.09.2026][App][DEBUG] Request handled
[4073.400][16:44:26 10.09.2026][App][DEBUG] Up queue:
[4073.400][16:44:26 10.09.2026][App][DEBUG] Down queue:
[4073.400][16:44:26 10.09.2026][App][DEBUG] HALL CALL | 3
[4084.150][16:44:37 10.09.2026][App][DEBUG] New request {
  action = "CAR CALL",
  floor = 5
}
[4084.150][16:44:37 10.09.2026][App][DEBUG] Request handled
[4084.150][16:44:37 10.09.2026][App][DEBUG] Up queue:
[4084.150][16:44:37 10.09.2026][App][DEBUG] CAR CALL | 5
[4084.150][16:44:37 10.09.2026][App][DEBUG] Down queue:
[4084.150][16:44:37 10.09.2026][App][DEBUG] HALL CALL | 3
[4084.250][16:44:37 10.09.2026][App][INFO] Starting move from 3 to 5 ; blocks to pass: 12 direction: fwd
[4106.650][16:44:59 10.09.2026][App][DEBUG] New request {
  action = "HALL CALL",
  direction = "down",
  floor = 5
}
[4106.650][16:44:59 10.09.2026][App][DEBUG] Hall call made when car was there, opening doors
[4106.650][16:44:59 10.09.2026][App][DEBUG] Request handled
[4106.650][16:44:59 10.09.2026][App][DEBUG] Up queue:
[4106.650][16:44:59 10.09.2026][App][DEBUG] Down queue:
[4106.650][16:44:59 10.09.2026][App][DEBUG] HALL CALL | 3
[4648.000][16:54:01 10.09.2026][App][DEBUG] {
  current_floor_lcu = 0,
  final_limit_lcus = {
    lower = 7,
    upper = 0
  },
  known_ccu = 2,
  known_lcus = {
    {
      computer_id = 7,
      computer_label = "1st floor",
      floor = 1,
      floor_name = "G",
      position = 0
    },
    {
      computer_id = 0,
      computer_label = "5th floor",
      floor = 5,
      floor_name = "5",
      position = 24
    },
    {
      computer_id = 8,
      computer_label = "3rd floor",
      floor = 3,
      floor_name = "3",
      position = 12
    }
  }
}
[4648.750][16:54:01 10.09.2026][App][INFO] Pre ready
[4648.750][16:54:01 10.09.2026][App][INFO] Checking LCUs for learning
[4648.750][16:54:01 10.09.2026][App][INFO] Ready
[4648.750][16:54:01 10.09.2026][App][INFO] Floor and position restored from memory, position: 24 floor: 5
[4648.750][16:54:01 10.09.2026][App][DEBUG] Scheduler loop
[4671.600][16:54:24 10.09.2026][App][DEBUG] {
  current_floor_lcu = 0,
  final_limit_lcus = {
    lower = 7,
    upper = 0
  },
  known_ccu = 2,
  known_lcus = {
    {
      computer_id = 7,
      computer_label = "1st floor",
      floor = 1,
      floor_name = "G",
      position = 0
    },
    {
      computer_id = 0,
      computer_label = "5th floor",
      floor = 5,
      floor_name = "5",
      position = 24
    },
    {
      computer_id = 8,
      computer_label = "3rd floor",
      floor = 3,
      floor_name = "3",
      position = 12
    }
  }
}
[4671.750][16:54:24 10.09.2026][App][INFO] Pre ready
[4671.750][16:54:24 10.09.2026][App][INFO] Checking LCUs for learning
[4671.750][16:54:24 10.09.2026][App][INFO] Ready
[4671.750][16:54:24 10.09.2026][App][INFO] Floor and position restored from memory, position: 24 floor: 5
[4671.750][16:54:24 10.09.2026][App][DEBUG] Scheduler loop
[4738.050][16:55:31 10.09.2026][App][DEBUG] {
  current_floor_lcu = 0,
  final_limit_lcus = {
    lower = 7,
    upper = 0
  },
  known_ccu = 2,
  known_lcus = {
    {
      computer_id = 7,
      computer_label = "1st floor",
      floor = 1,
      floor_name = "G",
      position = 0
    },
    {
      computer_id = 0,
      computer_label = "5th floor",
      floor = 5,
      floor_name = "5",
      position = 24
    },
    {
      computer_id = 8,
      computer_label = "3rd floor",
      floor = 3,
      floor_name = "3",
      position = 12
    }
  }
}
[4738.750][16:55:31 10.09.2026][App][INFO] Pre ready
[4738.750][16:55:31 10.09.2026][App][INFO] Checking LCUs for learning
[4738.750][16:55:31 10.09.2026][App][INFO] Ready
[4738.750][16:55:31 10.09.2026][App][INFO] Floor and position restored from memory, position: 24 floor: 5
[4738.750][16:55:31 10.09.2026][App][DEBUG] Scheduler loop
[4748.200][16:55:41 10.09.2026][App][DEBUG] {
  current_floor_lcu = 0,
  final_limit_lcus = {
    lower = 7,
    upper = 0
  },
  known_ccu = 2,
  known_lcus = {
    {
      computer_id = 7,
      computer_label = "1st floor",
      floor = 1,
      floor_name = "G",
      position = 0
    },
    {
      computer_id = 0,
      computer_label = "5th floor",
      floor = 5,
      floor_name = "5",
      position = 24
    },
    {
      computer_id = 8,
      computer_label = "3rd floor",
      floor = 3,
      floor_name = "3",
      position = 12
    }
  }
}
[4748.750][16:55:41 10.09.2026][App][INFO] Pre ready
[4748.750][16:55:41 10.09.2026][App][INFO] Checking LCUs for learning
[4748.750][16:55:41 10.09.2026][App][INFO] Ready
[4748.750][16:55:41 10.09.2026][App][INFO] Floor and position restored from memory, position: 24 floor: 5
[4748.750][16:55:41 10.09.2026][App][DEBUG] Scheduler loop
[4804.150][16:56:37 10.09.2026][App][DEBUG] {
  current_floor_lcu = 0,
  final_limit_lcus = {
    lower = 7,
    upper = 0
  },
  known_ccu = 2,
  known_lcus = {
    {
      computer_id = 7,
      computer_label = "1st floor",
      floor = 1,
      floor_name = "G",
      position = 0
    },
    {
      computer_id = 0,
      computer_label = "5th floor",
      floor = 5,
      floor_name = "5",
      position = 24
    },
    {
      computer_id = 8,
      computer_label = "3rd floor",
      floor = 3,
      floor_name = "3",
      position = 12
    }
  }
}
[4804.750][16:56:37 10.09.2026][App][INFO] Pre ready
[4804.750][16:56:37 10.09.2026][App][INFO] Checking LCUs for learning
[4804.750][16:56:37 10.09.2026][App][INFO] Ready
[4804.750][16:56:37 10.09.2026][App][INFO] Floor and position restored from memory, position: 24 floor: 5
[4804.750][16:56:37 10.09.2026][App][DEBUG] Scheduler loop
[4855.800][16:57:28 10.09.2026][App][DEBUG] {
  current_floor_lcu = 0,
  final_limit_lcus = {
    lower = 7,
    upper = 0
  },
  known_ccu = 2,
  known_lcus = {
    {
      computer_id = 7,
      computer_label = "1st floor",
      floor = 1,
      floor_name = "G",
      position = 0
    },
    {
      computer_id = 0,
      computer_label = "5th floor",
      floor = 5,
      floor_name = "5",
      position = 24
    },
    {
      computer_id = 8,
      computer_label = "3rd floor",
      floor = 3,
      floor_name = "3",
      position = 12
    }
  }
}
[4856.750][16:57:29 10.09.2026][App][INFO] Pre ready
[4856.750][16:57:29 10.09.2026][App][INFO] Checking LCUs for learning
[4856.750][16:57:29 10.09.2026][App][INFO] Ready
[4856.750][16:57:29 10.09.2026][App][INFO] Floor and position restored from memory, position: 24 floor: 5
[4856.750][16:57:29 10.09.2026][App][DEBUG] Scheduler loop
[4867.450][16:57:40 10.09.2026][App][DEBUG] {
  current_floor_lcu = 0,
  final_limit_lcus = {
    lower = 7,
    upper = 0
  },
  known_ccu = 2,
  known_lcus = {
    {
      computer_id = 7,
      computer_label = "1st floor",
      floor = 1,
      floor_name = "G",
      position = 0
    },
    {
      computer_id = 0,
      computer_label = "5th floor",
      floor = 5,
      floor_name = "5",
      position = 24
    },
    {
      computer_id = 8,
      computer_label = "3rd floor",
      floor = 3,
      floor_name = "3",
      position = 12
    }
  }
}
[4867.750][16:57:40 10.09.2026][App][INFO] Pre ready
[4867.750][16:57:40 10.09.2026][App][INFO] Checking LCUs for learning
[4867.750][16:57:40 10.09.2026][App][INFO] Ready
[4867.750][16:57:40 10.09.2026][App][INFO] Floor and position restored from memory, position: 24 floor: 5
[4867.750][16:57:40 10.09.2026][App][DEBUG] Scheduler loop
[4880.150][16:57:53 10.09.2026][App][DEBUG] New request {
  action = "DOORS",
  state = "open"
}
[4880.150][16:57:53 10.09.2026][App][DEBUG] Request handled
[4880.150][16:57:53 10.09.2026][App][DEBUG] Up queue:
[4880.150][16:57:53 10.09.2026][App][DEBUG] Down queue:
[4896.750][16:58:09 10.09.2026][App][DEBUG] New request {
  action = "DOORS",
  state = "open"
}
[4896.750][16:58:09 10.09.2026][App][DEBUG] Request handled
[4896.750][16:58:09 10.09.2026][App][DEBUG] Up queue:
[4896.750][16:58:09 10.09.2026][App][DEBUG] Down queue:
[4898.350][16:58:11 10.09.2026][App][DEBUG] New request {
  action = "CAR CALL",
  floor = 3
}
[4898.350][16:58:11 10.09.2026][App][DEBUG] Request handled
[4898.350][16:58:11 10.09.2026][App][DEBUG] Up queue:
[4898.350][16:58:11 10.09.2026][App][DEBUG] Down queue:
[4898.350][16:58:11 10.09.2026][App][DEBUG] CAR CALL | 3
[4898.900][16:58:11 10.09.2026][App][DEBUG] New request {
  action = "CAR CALL",
  floor = 1
}
[4898.900][16:58:11 10.09.2026][App][DEBUG] Request handled
[4898.900][16:58:11 10.09.2026][App][DEBUG] Up queue:
[4898.900][16:58:11 10.09.2026][App][DEBUG] Down queue:
[4898.900][16:58:11 10.09.2026][App][DEBUG] CAR CALL | 3
[4898.900][16:58:11 10.09.2026][App][DEBUG] CAR CALL | 1
[4907.450][16:58:20 10.09.2026][App][INFO] Starting move from 5 to 3 ; blocks to pass: 12 direction: rev
[4924.450][16:58:37 10.09.2026][App][INFO] Starting move from 3 to 1 ; blocks to pass: 12 direction: rev
[4932.000][16:58:45 10.09.2026][App][DEBUG] New request {
  action = "CAR CALL",
  floor = 5
}
[4932.000][16:58:45 10.09.2026][App][DEBUG] Request handled
[4932.000][16:58:45 10.09.2026][App][DEBUG] Up queue:
[4932.000][16:58:45 10.09.2026][App][DEBUG] CAR CALL | 5
[4932.000][16:58:45 10.09.2026][App][DEBUG] Down queue:
[4936.000][16:58:49 10.09.2026][App][DEBUG] New request {
  action = "HALL CALL",
  direction = "down",
  floor = 3
}
[4936.000][16:58:49 10.09.2026][App][DEBUG] Request handled
[4936.000][16:58:49 10.09.2026][App][DEBUG] Up queue:
[4936.000][16:58:49 10.09.2026][App][DEBUG] CAR CALL | 5
[4936.000][16:58:49 10.09.2026][App][DEBUG] Down queue:
[4936.000][16:58:49 10.09.2026][App][DEBUG] HALL CALL | 3
[4941.450][16:58:54 10.09.2026][App][INFO] Starting move from 1 to 5 ; blocks to pass: 24 direction: fwd
[5110.900][17:01:43 10.09.2026][App][DEBUG] {
  current_floor_lcu = 0,
  final_limit_lcus = {
    lower = 7,
    upper = 0
  },
  known_ccu = 2,
  known_lcus = {
    {
      computer_id = 7,
      computer_label = "1st floor",
      floor = 1,
      floor_name = "G",
      position = 0
    },
    {
      computer_id = 0,
      computer_label = "5th floor",
      floor = 5,
      floor_name = "5",
      position = 24
    },
    {
      computer_id = 8,
      computer_label = "3rd floor",
      floor = 3,
      floor_name = "3",
      position = 12
    }
  }
}
[5111.600][17:01:44 10.09.2026][App][INFO] Pre ready
[5111.600][17:01:44 10.09.2026][App][INFO] Checking LCUs for learning
[5111.600][17:01:44 10.09.2026][App][INFO] Ready
[5111.600][17:01:44 10.09.2026][App][INFO] Floor and position restored from memory, position: 24 floor: 5
[5111.600][17:01:44 10.09.2026][App][DEBUG] Scheduler loop
[5118.800][17:01:51 10.09.2026][App][DEBUG] New request {
  action = "CAR CALL",
  floor = 3
}
[5118.800][17:01:51 10.09.2026][App][DEBUG] Request handled
[5118.800][17:01:51 10.09.2026][App][DEBUG] Up queue:
[5118.800][17:01:51 10.09.2026][App][DEBUG] Down queue:
[5118.800][17:01:51 10.09.2026][App][DEBUG] CAR CALL | 3
[5118.900][17:01:51 10.09.2026][App][INFO] Starting move from 5 to 3 ; blocks to pass: 12 direction: rev
[5127.500][17:02:00 10.09.2026][App][DEBUG] New request {
  action = "CAR CALL",
  floor = 1
}
[5127.500][17:02:00 10.09.2026][App][DEBUG] Request handled
[5127.500][17:02:00 10.09.2026][App][DEBUG] Up queue:
[5127.500][17:02:00 10.09.2026][App][DEBUG] Down queue:
[5127.500][17:02:00 10.09.2026][App][DEBUG] CAR CALL | 1
[5128.350][17:02:01 10.09.2026][App][DEBUG] New request {
  action = "DOORS",
  state = "close"
}
[5128.350][17:02:01 10.09.2026][App][DEBUG] Request handled
[5128.350][17:02:01 10.09.2026][App][DEBUG] Up queue:
[5128.350][17:02:01 10.09.2026][App][DEBUG] Down queue:
[5128.350][17:02:01 10.09.2026][App][DEBUG] CAR CALL | 1
[5129.700][17:02:02 10.09.2026][App][INFO] Starting move from 3 to 1 ; blocks to pass: 12 direction: rev
[5137.750][17:02:10 10.09.2026][App][DEBUG] New request {
  action = "CAR CALL",
  floor = 5
}
[5137.750][17:02:10 10.09.2026][App][DEBUG] Request handled
[5137.750][17:02:10 10.09.2026][App][DEBUG] Up queue:
[5137.750][17:02:10 10.09.2026][App][DEBUG] CAR CALL | 5
[5137.750][17:02:10 10.09.2026][App][DEBUG] Down queue:
[5140.950][17:02:14 10.09.2026][App][DEBUG] New request {
  action = "HALL CALL",
  direction = "down",
  floor = 3
}
[5140.950][17:02:14 10.09.2026][App][DEBUG] Request handled
[5140.950][17:02:14 10.09.2026][App][DEBUG] Up queue:
[5140.950][17:02:14 10.09.2026][App][DEBUG] CAR CALL | 5
[5140.950][17:02:14 10.09.2026][App][DEBUG] Down queue:
[5140.950][17:02:14 10.09.2026][App][DEBUG] HALL CALL | 3
[5146.700][17:02:19 10.09.2026][App][INFO] Starting move from 1 to 5 ; blocks to pass: 24 direction: fwd
[6.600][17:03:18 10.09.2026][App][DEBUG] {
  current_floor_lcu = 0,
  final_limit_lcus = {
    lower = 7,
    upper = 0
  },
  known_ccu = 2,
  known_lcus = {
    {
      computer_id = 7,
      computer_label = "1st floor",
      floor = 1,
      floor_name = "G",
      position = 0
    },
    {
      computer_id = 0,
      computer_label = "5th floor",
      floor = 5,
      floor_name = "5",
      position = 24
    },
    {
      computer_id = 8,
      computer_label = "3rd floor",
      floor = 3,
      floor_name = "3",
      position = 12
    }
  }
}
[6.950][17:03:18 10.09.2026][App][INFO] Pre ready
[6.950][17:03:18 10.09.2026][App][INFO] Checking LCUs for learning
[6.950][17:03:18 10.09.2026][App][INFO] Ready
[6.950][17:03:18 10.09.2026][App][INFO] Floor and position restored from memory, position: 24 floor: 5
[6.950][17:03:18 10.09.2026][App][DEBUG] Scheduler loop
[10.850][17:03:22 10.09.2026][App][DEBUG] New request {
  action = "CAR CALL",
  floor = 1
}
[10.850][17:03:22 10.09.2026][App][DEBUG] Request handled
[10.850][17:03:22 10.09.2026][App][DEBUG] Up queue:
[10.850][17:03:22 10.09.2026][App][DEBUG] Down queue:
[10.850][17:03:22 10.09.2026][App][DEBUG] CAR CALL | 1
[10.950][17:03:22 10.09.2026][App][INFO] Starting move from 5 to 1 ; blocks to pass: 24 direction: rev
[23.500][17:03:35 10.09.2026][App][DEBUG] New request {
  action = "CAR CALL",
  floor = 5
}
[23.500][17:03:35 10.09.2026][App][DEBUG] Request handled
[23.500][17:03:35 10.09.2026][App][DEBUG] Up queue:
[23.500][17:03:35 10.09.2026][App][DEBUG] CAR CALL | 5
[23.500][17:03:35 10.09.2026][App][DEBUG] Down queue:
[28.750][17:03:40 10.09.2026][App][DEBUG] New request {
  action = "HALL CALL",
  direction = "down",
  floor = 3
}
[28.750][17:03:40 10.09.2026][App][DEBUG] Request handled
[28.750][17:03:40 10.09.2026][App][DEBUG] Up queue:
[28.750][17:03:40 10.09.2026][App][DEBUG] CAR CALL | 5
[28.750][17:03:40 10.09.2026][App][DEBUG] Down queue:
[28.750][17:03:40 10.09.2026][App][DEBUG] HALL CALL | 3
[33.050][17:03:44 10.09.2026][App][INFO] Starting move from 1 to 5 ; blocks to pass: 24 direction: fwd
[55.150][17:04:06 10.09.2026][App][INFO] Starting move from 5 to 3 ; blocks to pass: 12 direction: rev
[69.150][17:04:20 10.09.2026][App][DEBUG] New request {
  action = "CAR CALL",
  floor = 5
}
[69.150][17:04:20 10.09.2026][App][DEBUG] Request handled
[69.150][17:04:20 10.09.2026][App][DEBUG] Up queue:
[69.150][17:04:20 10.09.2026][App][DEBUG] CAR CALL | 5
[69.150][17:04:20 10.09.2026][App][DEBUG] Down queue:
[70.100][17:04:21 10.09.2026][App][DEBUG] New request {
  action = "DOORS",
  state = "close"
}
[70.100][17:04:21 10.09.2026][App][DEBUG] Request handled
[70.100][17:04:21 10.09.2026][App][DEBUG] Up queue:
[70.100][17:04:21 10.09.2026][App][DEBUG] CAR CALL | 5
[70.100][17:04:21 10.09.2026][App][DEBUG] Down queue:
[71.450][17:04:23 10.09.2026][App][INFO] Starting move from 3 to 5 ; blocks to pass: 12 direction: fwd
[1683.300][17:31:15 10.09.2026][App][DEBUG] {
  current_floor_lcu = 0,
  final_limit_lcus = {
    lower = 7,
    upper = 0
  },
  known_ccu = 2,
  known_lcus = {
    {
      computer_id = 7,
      computer_label = "1st floor",
      floor = 1,
      floor_name = "G",
      position = 0
    },
    {
      computer_id = 0,
      computer_label = "5th floor",
      floor = 5,
      floor_name = "5",
      position = 24
    },
    {
      computer_id = 8,
      computer_label = "3rd floor",
      floor = 3,
      floor_name = "3",
      position = 12
    }
  }
}
[1683.850][17:31:15 10.09.2026][App][INFO] Pre ready
[1683.850][17:31:15 10.09.2026][App][INFO] Checking LCUs for learning
[1683.850][17:31:15 10.09.2026][App][INFO] Ready
[1683.850][17:31:15 10.09.2026][App][INFO] Floor and position restored from memory, position: 24 floor: 5
[1683.850][17:31:15 10.09.2026][App][DEBUG] Scheduler loop
[1690.500][17:31:22 10.09.2026][App][DEBUG] New request {
  action = "HALL CALL",
  direction = "down",
  floor = 3
}
[1879.150][17:34:30 10.09.2026][App][DEBUG] {
  current_floor_lcu = 0,
  final_limit_lcus = {
    lower = 7,
    upper = 0
  },
  known_ccu = 2,
  known_lcus = {
    {
      computer_id = 7,
      computer_label = "1st floor",
      floor = 1,
      floor_name = "G",
      position = 0
    },
    {
      computer_id = 0,
      computer_label = "5th floor",
      floor = 5,
      floor_name = "5",
      position = 24
    },
    {
      computer_id = 8,
      computer_label = "3rd floor",
      floor = 3,
      floor_name = "3",
      position = 12
    }
  }
}
[1879.500][17:34:31 10.09.2026][App][INFO] Pre ready
[1879.500][17:34:31 10.09.2026][App][INFO] Checking LCUs for learning
[1879.500][17:34:31 10.09.2026][App][INFO] Ready
[1879.500][17:34:31 10.09.2026][App][INFO] Floor and position restored from memory, position: 24 floor: 5
[1879.500][17:34:31 10.09.2026][App][DEBUG] Scheduler loop
[1884.350][17:34:36 10.09.2026][App][DEBUG] New request {
  action = "HALL CALL",
  direction = "down",
  floor = 3
}
[1884.350][17:34:36 10.09.2026][App][DEBUG] Request handled
[1884.350][17:34:36 10.09.2026][App][DEBUG] Up queue:
[1884.350][17:34:36 10.09.2026][App][DEBUG] Down queue:
[1884.350][17:34:36 10.09.2026][App][DEBUG] HALL CALL | 3
[1884.400][17:34:36 10.09.2026][App][INFO] Starting move from 5 to 3 ; blocks to pass: 12 direction: rev
[1893.600][17:34:45 10.09.2026][App][DEBUG] New request {
  action = "HALL CALL",
  direction = "up",
  floor = 3
}
[1893.600][17:34:45 10.09.2026][App][DEBUG] Hall call made when car was there, opening doors
[1893.600][17:34:45 10.09.2026][App][DEBUG] Request handled
[1893.600][17:34:45 10.09.2026][App][DEBUG] Up queue:
[1893.600][17:34:45 10.09.2026][App][DEBUG] Down queue:
[1899.250][17:34:51 10.09.2026][App][DEBUG] New request {
  action = "HALL CALL",
  direction = "up",
  floor = 1
}
[1899.250][17:34:51 10.09.2026][App][DEBUG] Request handled
[1899.250][17:34:51 10.09.2026][App][DEBUG] Up queue:
[1899.250][17:34:51 10.09.2026][App][DEBUG] HALL CALL | 1
[1899.250][17:34:51 10.09.2026][App][DEBUG] Down queue:
[1904.300][17:34:56 10.09.2026][App][INFO] Starting move from 3 to 1 ; blocks to pass: 12 direction: rev
[1914.150][17:35:05 10.09.2026][App][DEBUG] New request {
  action = "CAR CALL",
  floor = 5
}
[1914.150][17:35:05 10.09.2026][App][DEBUG] Request handled
[1914.150][17:35:05 10.09.2026][App][DEBUG] Up queue:
[1914.150][17:35:05 10.09.2026][App][DEBUG] CAR CALL | 5
[1914.150][17:35:05 10.09.2026][App][DEBUG] Down queue:
[1916.950][17:35:08 10.09.2026][App][DEBUG] New request {
  action = "DOORS",
  state = "close"
}
[1916.950][17:35:08 10.09.2026][App][DEBUG] Request handled
[1916.950][17:35:08 10.09.2026][App][DEBUG] Up queue:
[1916.950][17:35:08 10.09.2026][App][DEBUG] CAR CALL | 5
[1916.950][17:35:08 10.09.2026][App][DEBUG] Down queue:
[1918.300][17:35:10 10.09.2026][App][INFO] Starting move from 1 to 5 ; blocks to pass: 24 direction: fwd
[1942.000][17:35:33 10.09.2026][App][DEBUG] New request {
  action = "HALL CALL",
  direction = "up",
  floor = 1
}
[1942.000][17:35:33 10.09.2026][App][DEBUG] Request handled
[1942.000][17:35:33 10.09.2026][App][DEBUG] Up queue:
[1942.000][17:35:33 10.09.2026][App][DEBUG] HALL CALL | 1
[1942.000][17:35:33 10.09.2026][App][DEBUG] Down queue:
[1942.100][17:35:33 10.09.2026][App][INFO] Starting move from 5 to 1 ; blocks to pass: 24 direction: rev
[1942.350][17:35:34 10.09.2026][App][DEBUG] New request {
  action = "HALL CALL",
  direction = "down",
  floor = 1
}
[1942.350][17:35:34 10.09.2026][App][DEBUG] Request handled
[1942.350][17:35:34 10.09.2026][App][DEBUG] Up queue:
[1942.350][17:35:34 10.09.2026][App][DEBUG] Down queue:
[1942.350][17:35:34 10.09.2026][App][DEBUG] HALL CALL | 1
[1957.700][17:35:49 10.09.2026][App][DEBUG] New request {
  action = "CAR CALL",
  floor = 5
}
[1957.700][17:35:49 10.09.2026][App][DEBUG] Request handled
[1957.700][17:35:49 10.09.2026][App][DEBUG] Up queue:
[1957.700][17:35:49 10.09.2026][App][DEBUG] CAR CALL | 5
[1957.700][17:35:49 10.09.2026][App][DEBUG] Down queue:
[1957.700][17:35:49 10.09.2026][App][DEBUG] HALL CALL | 1
[1958.550][17:35:50 10.09.2026][App][DEBUG] New request {
  action = "DOORS",
  state = "close"
}
[1958.550][17:35:50 10.09.2026][App][DEBUG] Request handled
[1958.550][17:35:50 10.09.2026][App][DEBUG] Up queue:
[1958.550][17:35:50 10.09.2026][App][DEBUG] CAR CALL | 5
[1958.550][17:35:50 10.09.2026][App][DEBUG] Down queue:
[1958.550][17:35:50 10.09.2026][App][DEBUG] HALL CALL | 1
[1959.900][17:35:51 10.09.2026][App][INFO] Starting move from 1 to 1 ; blocks to pass: 0 direction: rev
[1965.150][17:35:56 10.09.2026][App][DEBUG] New request {
  action = "DOORS",
  state = "close"
}
[1965.150][17:35:56 10.09.2026][App][DEBUG] Request handled
[1965.150][17:35:56 10.09.2026][App][DEBUG] Up queue:
[1965.150][17:35:56 10.09.2026][App][DEBUG] CAR CALL | 5
[1965.150][17:35:56 10.09.2026][App][DEBUG] Down queue:
[1966.500][17:35:58 10.09.2026][App][INFO] Starting move from 1 to 5 ; blocks to pass: 24 direction: fwd
[1979.850][17:36:11 10.09.2026][App][DEBUG] New request {
  action = "DOORS",
  state = "close"
}
[1979.850][17:36:11 10.09.2026][App][DEBUG] Request handled
[1979.850][17:36:11 10.09.2026][App][DEBUG] Up queue:
[1979.850][17:36:11 10.09.2026][App][DEBUG] Down queue:
[2025.750][18:17:57 10.09.2026][App][DEBUG] {
  current_floor_lcu = 0,
  final_limit_lcus = {
    lower = 7,
    upper = 0
  },
  known_ccu = 2,
  known_lcus = {
    {
      computer_id = 7,
      computer_label = "1st floor",
      floor = 1,
      floor_name = "G",
      position = 0
    },
    {
      computer_id = 0,
      computer_label = "5th floor",
      floor = 5,
      floor_name = "5",
      position = 24
    },
    {
      computer_id = 8,
      computer_label = "3rd floor",
      floor = 3,
      floor_name = "3",
      position = 12
    }
  }
}
[2026.550][18:17:58 10.09.2026][App][INFO] Pre ready
[2026.550][18:17:58 10.09.2026][App][INFO] Checking LCUs for learning
[2026.550][18:17:58 10.09.2026][App][INFO] Ready
[2026.550][18:17:58 10.09.2026][App][INFO] Floor and position restored from memory, position: 24 floor: 5
[2026.550][18:17:58 10.09.2026][App][DEBUG] Scheduler loop
[2084.700][18:18:56 10.09.2026][App][DEBUG] {
  current_floor_lcu = 0,
  final_limit_lcus = {
    lower = 7,
    upper = 0
  },
  known_ccu = 2,
  known_lcus = {
    {
      computer_id = 7,
      computer_label = "1st floor",
      floor = 1,
      floor_name = "G",
      position = 0
    },
    {
      computer_id = 0,
      computer_label = "5th floor",
      floor = 5,
      floor_name = "5",
      position = 24
    },
    {
      computer_id = 8,
      computer_label = "3rd floor",
      floor = 3,
      floor_name = "3",
      position = 12
    }
  }
}
[2084.800][18:18:56 10.09.2026][App][INFO] Pre ready
[2084.800][18:18:56 10.09.2026][App][INFO] Checking LCUs for learning
[2084.800][18:18:56 10.09.2026][App][INFO] Ready
[2084.800][18:18:56 10.09.2026][App][INFO] Floor and position restored from memory, position: 24 floor: 5
[2084.800][18:18:56 10.09.2026][App][DEBUG] Scheduler loop
[2191.700][18:20:43 10.09.2026][App][DEBUG] {
  current_floor_lcu = 0,
  final_limit_lcus = {
    lower = 7,
    upper = 0
  },
  known_ccu = 2,
  known_lcus = {
    {
      computer_id = 7,
      computer_label = "1st floor",
      floor = 1,
      floor_name = "G",
      position = 0
    },
    {
      computer_id = 0,
      computer_label = "5th floor",
      floor = 5,
      floor_name = "5",
      position = 24
    },
    {
      computer_id = 8,
      computer_label = "3rd floor",
      floor = 3,
      floor_name = "3",
      position = 12
    }
  }
}
[2191.800][18:20:43 10.09.2026][App][INFO] Pre ready
[2191.800][18:20:43 10.09.2026][App][INFO] Checking LCUs for learning
[2191.800][18:20:43 10.09.2026][App][INFO] Ready
[2191.800][18:20:43 10.09.2026][App][INFO] Floor and position restored from memory, position: 24 floor: 5
[2191.800][18:20:43 10.09.2026][App][DEBUG] Scheduler loop
[2274.200][18:22:06 10.09.2026][App][DEBUG] {
  current_floor_lcu = 0,
  final_limit_lcus = {
    lower = 7,
    upper = 0
  },
  known_ccu = 2,
  known_lcus = {
    {
      computer_id = 7,
      computer_label = "1st floor",
      floor = 1,
      floor_name = "G",
      position = 0
    },
    {
      computer_id = 0,
      computer_label = "5th floor",
      floor = 5,
      floor_name = "5",
      position = 24
    },
    {
      computer_id = 8,
      computer_label = "3rd floor",
      floor = 3,
      floor_name = "3",
      position = 12
    }
  }
}
[2274.500][18:22:06 10.09.2026][App][INFO] Pre ready
[2274.500][18:22:06 10.09.2026][App][INFO] Checking LCUs for learning
[2274.500][18:22:06 10.09.2026][App][INFO] Ready
[2274.500][18:22:06 10.09.2026][App][INFO] Floor and position restored from memory, position: 24 floor: 5
[2274.500][18:22:06 10.09.2026][App][DEBUG] Scheduler loop
[2282.300][18:22:14 10.09.2026][App][DEBUG] New request {
  action = "DOORS",
  state = "open"
}
[2282.300][18:22:14 10.09.2026][App][DEBUG] Request handled
[2282.300][18:22:14 10.09.2026][App][DEBUG] Up queue:
[2282.300][18:22:14 10.09.2026][App][DEBUG] Down queue:
[2368.000][18:23:39 10.09.2026][App][DEBUG] {
  current_floor_lcu = 0,
  final_limit_lcus = {
    lower = 7,
    upper = 0
  },
  known_ccu = 2,
  known_lcus = {
    {
      computer_id = 7,
      computer_label = "1st floor",
      floor = 1,
      floor_name = "G",
      position = 0
    },
    {
      computer_id = 0,
      computer_label = "5th floor",
      floor = 5,
      floor_name = "5",
      position = 24
    },
    {
      computer_id = 8,
      computer_label = "3rd floor",
      floor = 3,
      floor_name = "3",
      position = 12
    }
  }
}
[2368.350][18:23:40 10.09.2026][App][INFO] Pre ready
[2368.350][18:23:40 10.09.2026][App][INFO] Checking LCUs for learning
[2368.350][18:23:40 10.09.2026][App][INFO] Ready
[2368.350][18:23:40 10.09.2026][App][INFO] Floor and position restored from memory, position: 24 floor: 5
[2368.350][18:23:40 10.09.2026][App][DEBUG] Scheduler loop
[2369.950][18:23:41 10.09.2026][App][DEBUG] New request {
  action = "DOORS",
  state = "open"
}
[2369.950][18:23:41 10.09.2026][App][DEBUG] Request handled
[2369.950][18:23:41 10.09.2026][App][DEBUG] Up queue:
[2369.950][18:23:41 10.09.2026][App][DEBUG] Down queue:
[2371.950][18:23:43 10.09.2026][App][DEBUG] New request {
  action = "CAR CALL",
  floor = 3
}
[2371.950][18:23:43 10.09.2026][App][DEBUG] Request handled
[2371.950][18:23:43 10.09.2026][App][DEBUG] Up queue:
[2371.950][18:23:43 10.09.2026][App][DEBUG] Down queue:
[2371.950][18:23:43 10.09.2026][App][DEBUG] CAR CALL | 3
[2372.500][18:23:44 10.09.2026][App][DEBUG] New request {
  action = "CAR CALL",
  floor = 1
}
[2372.500][18:23:44 10.09.2026][App][DEBUG] Request handled
[2372.500][18:23:44 10.09.2026][App][DEBUG] Up queue:
[2372.500][18:23:44 10.09.2026][App][DEBUG] Down queue:
[2372.500][18:23:44 10.09.2026][App][DEBUG] CAR CALL | 3
[2372.500][18:23:44 10.09.2026][App][DEBUG] CAR CALL | 1
[2380.650][18:23:52 10.09.2026][App][INFO] Starting move from 5 to 3 ; blocks to pass: 12 direction: rev
[2394.500][18:24:06 10.09.2026][App][DEBUG] New request {
  action = "CAR CALL",
  floor = 5
}
[2394.500][18:24:06 10.09.2026][App][DEBUG] Request handled
[2394.500][18:24:06 10.09.2026][App][DEBUG] Up queue:
[2394.500][18:24:06 10.09.2026][App][DEBUG] CAR CALL | 5
[2394.500][18:24:06 10.09.2026][App][DEBUG] Down queue:
[2394.500][18:24:06 10.09.2026][App][DEBUG] CAR CALL | 1
[2397.650][18:24:09 10.09.2026][App][INFO] Starting move from 3 to 1 ; blocks to pass: 12 direction: rev
[2414.650][18:24:26 10.09.2026][App][INFO] Starting move from 1 to 5 ; blocks to pass: 24 direction: fwd
[2523.600][18:26:15 10.09.2026][App][DEBUG] New request {
  action = "DOORS",
  state = "open"
}
[2523.600][18:26:15 10.09.2026][App][DEBUG] Request handled
[2523.600][18:26:15 10.09.2026][App][DEBUG] Up queue:
[2523.600][18:26:15 10.09.2026][App][DEBUG] Down queue:
[2525.550][18:26:17 10.09.2026][App][DEBUG] New request {
  action = "CAR CALL",
  floor = 3
}
[2525.550][18:26:17 10.09.2026][App][DEBUG] Request handled
[2525.550][18:26:17 10.09.2026][App][DEBUG] Up queue:
[2525.550][18:26:17 10.09.2026][App][DEBUG] Down queue:
[2525.550][18:26:17 10.09.2026][App][DEBUG] CAR CALL | 3
[2525.950][18:26:17 10.09.2026][App][DEBUG] New request {
  action = "CAR CALL",
  floor = 1
}
[2525.950][18:26:17 10.09.2026][App][DEBUG] Request handled
[2525.950][18:26:17 10.09.2026][App][DEBUG] Up queue:
[2525.950][18:26:17 10.09.2026][App][DEBUG] Down queue:
[2525.950][18:26:17 10.09.2026][App][DEBUG] CAR CALL | 3
[2525.950][18:26:17 10.09.2026][App][DEBUG] CAR CALL | 1
[2527.900][18:26:19 10.09.2026][App][DEBUG] New request {
  action = "DOORS",
  state = "close"
}
[2527.900][18:26:19 10.09.2026][App][DEBUG] Request handled
[2527.900][18:26:19 10.09.2026][App][DEBUG] Up queue:
[2527.900][18:26:19 10.09.2026][App][DEBUG] Down queue:
[2527.900][18:26:19 10.09.2026][App][DEBUG] CAR CALL | 3
[2527.900][18:26:19 10.09.2026][App][DEBUG] CAR CALL | 1
[2529.300][18:26:21 10.09.2026][App][INFO] Starting move from 5 to 3 ; blocks to pass: 12 direction: rev
[2541.450][18:26:33 10.09.2026][App][DEBUG] New request {
  action = "DOORS",
  state = "close"
}
[2541.450][18:26:33 10.09.2026][App][DEBUG] Request handled
[2541.450][18:26:33 10.09.2026][App][DEBUG] Up queue:
[2541.450][18:26:33 10.09.2026][App][DEBUG] Down queue:
[2541.450][18:26:33 10.09.2026][App][DEBUG] CAR CALL | 1
[2542.800][18:26:34 10.09.2026][App][INFO] Starting move from 3 to 1 ; blocks to pass: 12 direction: rev
[2551.350][18:26:43 10.09.2026][App][DEBUG] New request {
  action = "CAR CALL",
  floor = 5
}
[2551.350][18:26:43 10.09.2026][App][DEBUG] Request handled
[2551.350][18:26:43 10.09.2026][App][DEBUG] Up queue:
[2551.350][18:26:43 10.09.2026][App][DEBUG] CAR CALL | 5
[2551.350][18:26:43 10.09.2026][App][DEBUG] Down queue:
[2552.100][18:26:43 10.09.2026][App][DEBUG] New request {
  action = "DOORS",
  state = "close"
}
[2552.100][18:26:43 10.09.2026][App][DEBUG] Request handled
[2552.100][18:26:43 10.09.2026][App][DEBUG] Up queue:
[2552.100][18:26:43 10.09.2026][App][DEBUG] CAR CALL | 5
[2552.100][18:26:43 10.09.2026][App][DEBUG] Down queue:
[2553.500][18:26:45 10.09.2026][App][INFO] Starting move from 1 to 5 ; blocks to pass: 24 direction: fwd
[2674.250][18:28:46 10.09.2026][App][DEBUG] New request {
  action = "HALL CALL",
  direction = "down",
  floor = 5
}
[2674.250][18:28:46 10.09.2026][App][DEBUG] Hall call made when car was there, opening doors
[2674.250][18:28:46 10.09.2026][App][DEBUG] Request handled
[2674.250][18:28:46 10.09.2026][App][DEBUG] Up queue:
[2674.250][18:28:46 10.09.2026][App][DEBUG] Down queue:
[2679.550][18:28:51 10.09.2026][App][DEBUG] New request {
  action = "CAR CALL",
  floor = 1
}
[2679.550][18:28:51 10.09.2026][App][DEBUG] Request handled
[2679.550][18:28:51 10.09.2026][App][DEBUG] Up queue:
[2679.550][18:28:51 10.09.2026][App][DEBUG] Down queue:
[2679.550][18:28:51 10.09.2026][App][DEBUG] CAR CALL | 1
[2684.900][18:28:56 10.09.2026][App][INFO] Starting move from 5 to 1 ; blocks to pass: 24 direction: rev
[2689.950][18:29:01 10.09.2026][App][DEBUG] New request {
  action = "HALL CALL",
  direction = "up",
  floor = 5
}
[2689.950][18:29:01 10.09.2026][App][DEBUG] Request handled
[2689.950][18:29:01 10.09.2026][App][DEBUG] Up queue:
[2689.950][18:29:01 10.09.2026][App][DEBUG] HALL CALL | 5
[2689.950][18:29:01 10.09.2026][App][DEBUG] Down queue:
[2707.000][18:29:18 10.09.2026][App][INFO] Starting move from 1 to 5 ; blocks to pass: 24 direction: fwd
[2721.000][18:29:32 10.09.2026][App][DEBUG] New request {
  action = "DOORS",
  state = "close"
}
[2721.000][18:29:32 10.09.2026][App][DEBUG] Request handled
[2721.000][18:29:32 10.09.2026][App][DEBUG] Up queue:
[2721.000][18:29:32 10.09.2026][App][DEBUG] Down queue:
[2725.700][18:29:37 10.09.2026][App][DEBUG] {
  current_floor_lcu = 0,
  final_limit_lcus = {
    lower = 7,
    upper = 0
  },
  known_ccu = 2,
  known_lcus = {
    {
      computer_id = 7,
      computer_label = "1st floor",
      floor = 1,
      floor_name = "G",
      position = 0
    },
    {
      computer_id = 0,
      computer_label = "5th floor",
      floor = 5,
      floor_name = "5",
      position = 24
    },
    {
      computer_id = 8,
      computer_label = "3rd floor",
      floor = 3,
      floor_name = "3",
      position = 12
    }
  }
}
[2726.400][18:29:38 10.09.2026][App][INFO] Pre ready
[2726.400][18:29:38 10.09.2026][App][INFO] Checking LCUs for learning
[2726.400][18:29:38 10.09.2026][App][INFO] Ready
[2726.400][18:29:38 10.09.2026][App][INFO] Floor and position restored from memory, position: 24 floor: 5
[2726.400][18:29:38 10.09.2026][App][DEBUG] Scheduler loop
[2731.100][18:29:42 10.09.2026][App][DEBUG] New request {
  action = "HALL CALL",
  direction = "down",
  floor = 5
}
[2731.100][18:29:42 10.09.2026][App][DEBUG] Hall call made when car was there, opening doors
[2731.100][18:29:42 10.09.2026][App][DEBUG] Request handled
[2731.100][18:29:42 10.09.2026][App][DEBUG] Up queue:
[2731.100][18:29:42 10.09.2026][App][DEBUG] Down queue:
[2735.050][18:29:46 10.09.2026][App][DEBUG] New request {
  action = "CAR CALL",
  floor = 1
}
[2735.050][18:29:46 10.09.2026][App][DEBUG] Request handled
[2735.050][18:29:46 10.09.2026][App][DEBUG] Up queue:
[2735.050][18:29:46 10.09.2026][App][DEBUG] Down queue:
[2735.050][18:29:46 10.09.2026][App][DEBUG] CAR CALL | 1
[2741.800][18:29:53 10.09.2026][App][INFO] Starting move from 5 to 1 ; blocks to pass: 24 direction: rev
[2746.100][18:29:57 10.09.2026][App][DEBUG] New request {
  action = "HALL CALL",
  direction = "up",
  floor = 5
}
[2746.100][18:29:57 10.09.2026][App][DEBUG] Request handled
[2746.100][18:29:57 10.09.2026][App][DEBUG] Up queue:
[2746.100][18:29:57 10.09.2026][App][DEBUG] HALL CALL | 5
[2746.100][18:29:57 10.09.2026][App][DEBUG] Down queue:
[2759.900][18:30:11 10.09.2026][App][DEBUG] New request {
  action = "DOORS",
  state = "close"
}
[2759.900][18:30:11 10.09.2026][App][DEBUG] Request handled
[2759.900][18:30:11 10.09.2026][App][DEBUG] Up queue:
[2759.900][18:30:11 10.09.2026][App][DEBUG] HALL CALL | 5
[2759.900][18:30:11 10.09.2026][App][DEBUG] Down queue:
[2761.300][18:30:13 10.09.2026][App][INFO] Starting move from 1 to 5 ; blocks to pass: 24 direction: fwd
[2777.600][18:30:29 10.09.2026][App][DEBUG] New request {
  action = "DOORS",
  state = "close"
}
[2777.600][18:30:29 10.09.2026][App][DEBUG] Request handled
[2777.600][18:30:29 10.09.2026][App][DEBUG] Up queue:
[2777.600][18:30:29 10.09.2026][App][DEBUG] Down queue:
[2781.400][18:30:33 10.09.2026][App][DEBUG] New request {
  action = "DOORS",
  state = "open"
}
[2781.400][18:30:33 10.09.2026][App][DEBUG] Request handled
[2781.400][18:30:33 10.09.2026][App][DEBUG] Up queue:
[2781.400][18:30:33 10.09.2026][App][DEBUG] Down queue:
[2782.100][18:30:33 10.09.2026][App][DEBUG] New request {
  action = "CAR CALL",
  floor = 1
}
[2782.100][18:30:33 10.09.2026][App][DEBUG] Request handled
[2782.100][18:30:33 10.09.2026][App][DEBUG] Up queue:
[2782.100][18:30:33 10.09.2026][App][DEBUG] Down queue:
[2782.100][18:30:33 10.09.2026][App][DEBUG] CAR CALL | 1
[2786.750][18:30:38 10.09.2026][App][DEBUG] New request {
  action = "HALL CALL",
  direction = "up",
  floor = 1
}
[2786.750][18:30:38 10.09.2026][App][DEBUG] Request handled
[2786.750][18:30:38 10.09.2026][App][DEBUG] Up queue:
[2786.750][18:30:38 10.09.2026][App][DEBUG] HALL CALL | 1
[2786.750][18:30:38 10.09.2026][App][DEBUG] Down queue:
[2786.750][18:30:38 10.09.2026][App][DEBUG] CAR CALL | 1
[2792.100][18:30:43 10.09.2026][App][INFO] Starting move from 5 to 1 ; blocks to pass: 24 direction: rev
[2806.400][18:30:58 10.09.2026][App][DEBUG] New request {
  action = "CAR CALL",
  floor = 5
}
[2806.400][18:30:58 10.09.2026][App][DEBUG] Request handled
[2806.400][18:30:58 10.09.2026][App][DEBUG] Up queue:
[2806.400][18:30:58 10.09.2026][App][DEBUG] HALL CALL | 1
[2806.400][18:30:58 10.09.2026][App][DEBUG] CAR CALL | 5
[2806.400][18:30:58 10.09.2026][App][DEBUG] Down queue:
[2807.300][18:30:59 10.09.2026][App][DEBUG] New request {
  action = "DOORS",
  state = "close"
}
[2807.300][18:30:59 10.09.2026][App][DEBUG] Request handled
[2807.300][18:30:59 10.09.2026][App][DEBUG] Up queue:
[2807.300][18:30:59 10.09.2026][App][DEBUG] HALL CALL | 1
[2807.300][18:30:59 10.09.2026][App][DEBUG] CAR CALL | 5
[2807.300][18:30:59 10.09.2026][App][DEBUG] Down queue:
[2808.700][18:31:00 10.09.2026][App][INFO] Starting move from 1 to 1 ; blocks to pass: 0 direction: rev
[2821.500][18:31:13 10.09.2026][App][INFO] Starting move from 1 to 5 ; blocks to pass: 24 direction: fwd
[2845.300][18:31:37 10.09.2026][App][DEBUG] New request {
  action = "DOORS",
  state = "open"
}
[2845.300][18:31:37 10.09.2026][App][DEBUG] Request handled
[2845.300][18:31:37 10.09.2026][App][DEBUG] Up queue:
[2845.300][18:31:37 10.09.2026][App][DEBUG] Down queue:
[2847.250][18:31:39 10.09.2026][App][DEBUG] New request {
  action = "CAR CALL",
  floor = 3
}
[2847.250][18:31:39 10.09.2026][App][DEBUG] Request handled
[2847.250][18:31:39 10.09.2026][App][DEBUG] Up queue:
[2847.250][18:31:39 10.09.2026][App][DEBUG] Down queue:
[2847.250][18:31:39 10.09.2026][App][DEBUG] CAR CALL | 3
[2847.800][18:31:39 10.09.2026][App][DEBUG] New request {
  action = "DOORS",
  state = "close"
}
[2847.800][18:31:39 10.09.2026][App][DEBUG] Request handled
[2847.800][18:31:39 10.09.2026][App][DEBUG] Up queue:
[2847.800][18:31:39 10.09.2026][App][DEBUG] Down queue:
[2847.800][18:31:39 10.09.2026][App][DEBUG] CAR CALL | 3
[2849.200][18:31:40 10.09.2026][App][INFO] Starting move from 5 to 3 ; blocks to pass: 12 direction: rev
[2856.950][18:31:48 10.09.2026][App][DEBUG] New request {
  action = "CAR CALL",
  floor = 5
}
[2856.950][18:31:48 10.09.2026][App][DEBUG] Request handled
[2856.950][18:31:48 10.09.2026][App][DEBUG] Up queue:
[2856.950][18:31:48 10.09.2026][App][DEBUG] CAR CALL | 5
[2856.950][18:31:48 10.09.2026][App][DEBUG] Down queue:
[2857.500][18:31:49 10.09.2026][App][DEBUG] New request {
  action = "DOORS",
  state = "close"
}
[2857.500][18:31:49 10.09.2026][App][DEBUG] Request handled
[2857.500][18:31:49 10.09.2026][App][DEBUG] Up queue:
[2857.500][18:31:49 10.09.2026][App][DEBUG] CAR CALL | 5
[2857.500][18:31:49 10.09.2026][App][DEBUG] Down queue:
[2858.900][18:31:50 10.09.2026][App][INFO] Starting move from 3 to 5 ; blocks to pass: 12 direction: fwd
[2866.750][18:31:58 10.09.2026][App][DEBUG] New request {
  action = "CAR CALL",
  floor = 1
}
[2866.750][18:31:58 10.09.2026][App][DEBUG] Request handled
[2866.750][18:31:58 10.09.2026][App][DEBUG] Up queue:
[2866.750][18:31:58 10.09.2026][App][DEBUG] Down queue:
[2866.750][18:31:58 10.09.2026][App][DEBUG] CAR CALL | 1
[2867.250][18:31:59 10.09.2026][App][DEBUG] New request {
  action = "DOORS",
  state = "close"
}
[2867.250][18:31:59 10.09.2026][App][DEBUG] Request handled
[2867.250][18:31:59 10.09.2026][App][DEBUG] Up queue:
[2867.250][18:31:59 10.09.2026][App][DEBUG] Down queue:
[2867.250][18:31:59 10.09.2026][App][DEBUG] CAR CALL | 1
[2868.600][18:32:00 10.09.2026][App][INFO] Starting move from 5 to 1 ; blocks to pass: 24 direction: rev
[2880.750][18:32:12 10.09.2026][App][DEBUG] New request {
  action = "CAR CALL",
  floor = 5
}
[2880.750][18:32:12 10.09.2026][App][DEBUG] Request handled
[2880.750][18:32:12 10.09.2026][App][DEBUG] Up queue:
[2880.750][18:32:12 10.09.2026][App][DEBUG] CAR CALL | 5
[2880.750][18:32:12 10.09.2026][App][DEBUG] Down queue:
[2882.300][18:32:14 10.09.2026][App][DEBUG] New request {
  action = "DOORS",
  state = "close"
}
[2882.300][18:32:14 10.09.2026][App][DEBUG] Request handled
[2882.300][18:32:14 10.09.2026][App][DEBUG] Up queue:
[2882.300][18:32:14 10.09.2026][App][DEBUG] CAR CALL | 5
[2882.300][18:32:14 10.09.2026][App][DEBUG] Down queue:
[2883.700][18:32:15 10.09.2026][App][INFO] Starting move from 1 to 5 ; blocks to pass: 24 direction: fwd
[2897.200][18:32:29 10.09.2026][App][DEBUG] New request {
  action = "DOORS",
  state = "close"
}
[2897.200][18:32:29 10.09.2026][App][DEBUG] Request handled
[2897.200][18:32:29 10.09.2026][App][DEBUG] Up queue:
[2897.200][18:32:29 10.09.2026][App][DEBUG] Down queue:
[3094.750][18:35:46 10.09.2026][App][DEBUG] {
  current_floor_lcu = 0,
  final_limit_lcus = {
    lower = 7,
    upper = 0
  },
  known_ccu = 2,
  known_lcus = {
    {
      computer_id = 7,
      computer_label = "1st floor",
      floor = 1,
      floor_name = "G",
      position = 0
    },
    {
      computer_id = 0,
      computer_label = "5th floor",
      floor = 5,
      floor_name = "5",
      position = 24
    },
    {
      computer_id = 8,
      computer_label = "3rd floor",
      floor = 3,
      floor_name = "3",
      position = 12
    }
  }
}
[3094.950][18:35:46 10.09.2026][App][INFO] Pre ready
[3094.950][18:35:46 10.09.2026][App][INFO] Checking LCUs for learning
[3094.950][18:35:46 10.09.2026][App][INFO] Ready
[3094.950][18:35:46 10.09.2026][App][INFO] Floor and position restored from memory, position: 24 floor: 5
[3094.950][18:35:46 10.09.2026][App][DEBUG] Scheduler loop
[3097.300][18:35:49 10.09.2026][App][DEBUG] New request {
  action = "DOORS",
  state = "open"
}
[3097.300][18:35:49 10.09.2026][App][DEBUG] Request handled
[3097.300][18:35:49 10.09.2026][App][DEBUG] Up queue:
[3097.300][18:35:49 10.09.2026][App][DEBUG] Down queue:
[3099.100][18:35:50 10.09.2026][App][DEBUG] New request {
  action = "DOORS",
  state = "close"
}
[3099.100][18:35:50 10.09.2026][App][DEBUG] Request handled
[3099.100][18:35:50 10.09.2026][App][DEBUG] Up queue:
[3099.100][18:35:50 10.09.2026][App][DEBUG] Down queue:
[3100.900][18:35:52 10.09.2026][App][DEBUG] New request {
  action = "CAR CALL",
  floor = 3
}
[3100.900][18:35:52 10.09.2026][App][DEBUG] Request handled
[3100.900][18:35:52 10.09.2026][App][DEBUG] Up queue:
[3100.900][18:35:52 10.09.2026][App][DEBUG] Down queue:
[3100.900][18:35:52 10.09.2026][App][DEBUG] CAR CALL | 3
[3100.950][18:35:52 10.09.2026][App][INFO] Starting move from 5 to 3 ; blocks to pass: 12 direction: rev
[3105.200][18:35:57 10.09.2026][App][DEBUG] New request {
  action = "HALL CALL",
  direction = "up",
  floor = 3
}
[3105.200][18:35:57 10.09.2026][App][DEBUG] Request handled
[3105.200][18:35:57 10.09.2026][App][DEBUG] Up queue:
[3105.200][18:35:57 10.09.2026][App][DEBUG] HALL CALL | 3
[3105.200][18:35:57 10.09.2026][App][DEBUG] Down queue:
[3117.950][18:36:09 10.09.2026][App][INFO] Starting move from 3 to 3 ; blocks to pass: 0 direction: rev
[3135.400][18:36:27 10.09.2026][App][DEBUG] New request {
  action = "CAR CALL",
  floor = 5
}
[3135.400][18:36:27 10.09.2026][App][DEBUG] Request handled
[3135.400][18:36:27 10.09.2026][App][DEBUG] Up queue:
[3135.400][18:36:27 10.09.2026][App][DEBUG] CAR CALL | 5
[3135.400][18:36:27 10.09.2026][App][DEBUG] Down queue:
[3135.450][18:36:27 10.09.2026][App][INFO] Starting move from 3 to 5 ; blocks to pass: 12 direction: fwd
[3204.050][18:37:35 10.09.2026][App][DEBUG] New request {
  action = "HALL CALL",
  direction = "down",
  floor = 5
}
[3204.050][18:37:35 10.09.2026][App][DEBUG] Hall call made when car was there, opening doors
[3204.050][18:37:35 10.09.2026][App][DEBUG] Request handled
[3204.050][18:37:35 10.09.2026][App][DEBUG] Up queue:
[3204.050][18:37:35 10.09.2026][App][DEBUG] Down queue:
[3209.150][18:37:40 10.09.2026][App][DEBUG] New request {
  action = "CAR CALL",
  floor = 3
}
[3209.150][18:37:40 10.09.2026][App][DEBUG] Request handled
[3209.150][18:37:40 10.09.2026][App][DEBUG] Up queue:
[3209.150][18:37:40 10.09.2026][App][DEBUG] Down queue:
[3209.150][18:37:40 10.09.2026][App][DEBUG] CAR CALL | 3
[3210.000][18:37:41 10.09.2026][App][DEBUG] New request {
  action = "DOORS",
  state = "close"
}
[3210.000][18:37:41 10.09.2026][App][DEBUG] Request handled
[3210.000][18:37:41 10.09.2026][App][DEBUG] Up queue:
[3210.000][18:37:41 10.09.2026][App][DEBUG] Down queue:
[3210.000][18:37:41 10.09.2026][App][DEBUG] CAR CALL | 3
[3211.350][18:37:43 10.09.2026][App][INFO] Starting move from 5 to 3 ; blocks to pass: 12 direction: rev
[3215.650][18:37:47 10.09.2026][App][DEBUG] New request {
  action = "HALL CALL",
  direction = "up",
  floor = 5
}
[3215.650][18:37:47 10.09.2026][App][DEBUG] Request handled
[3215.650][18:37:47 10.09.2026][App][DEBUG] Up queue:
[3215.650][18:37:47 10.09.2026][App][DEBUG] HALL CALL | 5
[3215.650][18:37:47 10.09.2026][App][DEBUG] Down queue:
[3221.650][18:37:53 10.09.2026][App][DEBUG] New request {
  action = "HALL CALL",
  direction = "up",
  floor = 3
}
[3221.650][18:37:53 10.09.2026][App][DEBUG] Hall call made when car was there, opening doors
[3221.650][18:37:53 10.09.2026][App][DEBUG] Request handled
[3221.650][18:37:53 10.09.2026][App][DEBUG] Up queue:
[3221.650][18:37:53 10.09.2026][App][DEBUG] HALL CALL | 5
[3221.650][18:37:53 10.09.2026][App][DEBUG] Down queue:
[3232.350][18:38:04 10.09.2026][App][INFO] Starting move from 3 to 5 ; blocks to pass: 12 direction: fwd
[3233.000][18:38:04 10.09.2026][App][DEBUG] New request {
  action = "HALL CALL",
  direction = "up",
  floor = 3
}
[3233.000][18:38:04 10.09.2026][App][DEBUG] Request handled
[3233.000][18:38:04 10.09.2026][App][DEBUG] Up queue:
[3233.000][18:38:04 10.09.2026][App][DEBUG] HALL CALL | 3
[3233.000][18:38:04 10.09.2026][App][DEBUG] Down queue:
[3249.350][18:38:21 10.09.2026][App][INFO] Starting move from 5 to 3 ; blocks to pass: 12 direction: rev
[3508.450][18:42:40 10.09.2026][App][DEBUG] New request {
  action = "HALL CALL",
  direction = "up",
  floor = 5
}
[3508.450][18:42:40 10.09.2026][App][DEBUG] Request handled
[3508.450][18:42:40 10.09.2026][App][DEBUG] Up queue:
[3508.450][18:42:40 10.09.2026][App][DEBUG] HALL CALL | 5
[3508.450][18:42:40 10.09.2026][App][DEBUG] Down queue:
[3508.550][18:42:40 10.09.2026][App][INFO] Starting move from 3 to 5 ; blocks to pass: 12 direction: fwd
[3520.300][18:42:52 10.09.2026][App][DEBUG] New request {
  action = "DOORS",
  state = "close"
}
[3520.300][18:42:52 10.09.2026][App][DEBUG] Request handled
[3520.300][18:42:52 10.09.2026][App][DEBUG] Up queue:
[3520.300][18:42:52 10.09.2026][App][DEBUG] Down queue:
[3520.700][18:42:52 10.09.2026][App][DEBUG] New request {
  action = "DOORS",
  state = "close"
}
[3520.700][18:42:52 10.09.2026][App][DEBUG] Request handled
[3520.700][18:42:52 10.09.2026][App][DEBUG] Up queue:
[3520.700][18:42:52 10.09.2026][App][DEBUG] Down queue:
[3524.400][18:42:56 10.09.2026][App][DEBUG] {
  current_floor_lcu = 0,
  final_limit_lcus = {
    lower = 7,
    upper = 0
  },
  known_ccu = 2,
  known_lcus = {
    {
      computer_id = 7,
      computer_label = "1st floor",
      floor = 1,
      floor_name = "G",
      position = 0
    },
    {
      computer_id = 0,
      computer_label = "5th floor",
      floor = 5,
      floor_name = "5",
      position = 24
    },
    {
      computer_id = 8,
      computer_label = "3rd floor",
      floor = 3,
      floor_name = "3",
      position = 12
    }
  }
}
[3525.100][18:42:56 10.09.2026][App][INFO] Pre ready
[3525.100][18:42:56 10.09.2026][App][INFO] Checking LCUs for learning
[3525.100][18:42:56 10.09.2026][App][INFO] Ready
[3525.100][18:42:56 10.09.2026][App][INFO] Floor and position restored from memory, position: 24 floor: 5
[3525.100][18:42:56 10.09.2026][App][DEBUG] Scheduler loop
[3533.350][18:43:05 10.09.2026][App][DEBUG] New request {
  action = "HALL CALL",
  direction = "up",
  floor = 1
}
[3533.350][18:43:05 10.09.2026][App][DEBUG] Request handled
[3533.350][18:43:05 10.09.2026][App][DEBUG] Up queue:
[3533.350][18:43:05 10.09.2026][App][DEBUG] HALL CALL | 1
[3533.350][18:43:05 10.09.2026][App][DEBUG] Down queue:
[3533.400][18:43:05 10.09.2026][App][INFO] Starting move from 5 to 1 ; blocks to pass: 24 direction: rev
[3535.800][18:43:07 10.09.2026][App][DEBUG] New request {
  action = "HALL CALL",
  direction = "up",
  floor = 3
}
[3535.800][18:43:07 10.09.2026][App][DEBUG] Request handled
[3535.800][18:43:07 10.09.2026][App][DEBUG] Up queue:
[3535.800][18:43:07 10.09.2026][App][DEBUG] HALL CALL | 3
[3535.800][18:43:07 10.09.2026][App][DEBUG] Down queue:
[3538.550][18:43:10 10.09.2026][App][DEBUG] New request {
  action = "HALL CALL",
  direction = "down",
  floor = 5
}
[3538.550][18:43:10 10.09.2026][App][DEBUG] Request handled
[3538.550][18:43:10 10.09.2026][App][DEBUG] Up queue:
[3538.550][18:43:10 10.09.2026][App][DEBUG] HALL CALL | 3
[3538.550][18:43:10 10.09.2026][App][DEBUG] Down queue:
[3538.550][18:43:10 10.09.2026][App][DEBUG] HALL CALL | 5
[3555.500][18:43:27 10.09.2026][App][INFO] Starting move from 1 to 3 ; blocks to pass: 12 direction: fwd
[3572.500][18:43:44 10.09.2026][App][INFO] Starting move from 3 to 5 ; blocks to pass: 12 direction: fwd
[3816.100][18:47:47 10.09.2026][App][DEBUG] {
  current_floor_lcu = 0,
  final_limit_lcus = {
    lower = 7,
    upper = 0
  },
  known_ccu = 2,
  known_lcus = {
    {
      computer_id = 7,
      computer_label = "1st floor",
      floor = 1,
      floor_name = "G",
      position = 0
    },
    {
      computer_id = 0,
      computer_label = "5th floor",
      floor = 5,
      floor_name = "5",
      position = 24
    },
    {
      computer_id = 8,
      computer_label = "3rd floor",
      floor = 3,
      floor_name = "3",
      position = 12
    }
  }
}
[3817.000][18:47:48 10.09.2026][App][INFO] Pre ready
[3817.000][18:47:48 10.09.2026][App][INFO] Checking LCUs for learning
[3817.000][18:47:48 10.09.2026][App][INFO] Ready
[3817.000][18:47:48 10.09.2026][App][INFO] Floor and position restored from memory, position: 24 floor: 5
[3817.000][18:47:48 10.09.2026][App][DEBUG] Scheduler loop
[3821.950][18:47:53 10.09.2026][App][DEBUG] New request {
  action = "HALL CALL",
  direction = "down",
  floor = 3
}
[3821.950][18:47:53 10.09.2026][App][DEBUG] Request handled
[3821.950][18:47:53 10.09.2026][App][DEBUG] Up queue:
[3821.950][18:47:53 10.09.2026][App][DEBUG] Down queue:
[3821.950][18:47:53 10.09.2026][App][DEBUG] HALL CALL | 3
[3822.000][18:47:53 10.09.2026][App][INFO] Starting move from 5 to 3 ; blocks to pass: 12 direction: rev
[3832.550][18:48:04 10.09.2026][App][DEBUG] New request {
  action = "CAR CALL",
  floor = 5
}
[3832.550][18:48:04 10.09.2026][App][DEBUG] Request handled
[3832.550][18:48:04 10.09.2026][App][DEBUG] Up queue:
[3832.550][18:48:04 10.09.2026][App][DEBUG] CAR CALL | 5
[3832.550][18:48:04 10.09.2026][App][DEBUG] Down queue:
[3834.050][18:48:05 10.09.2026][App][DEBUG] New request {
  action = "DOORS",
  state = "close"
}
[3834.050][18:48:05 10.09.2026][App][DEBUG] Request handled
[3834.050][18:48:05 10.09.2026][App][DEBUG] Up queue:
[3834.050][18:48:05 10.09.2026][App][DEBUG] CAR CALL | 5
[3834.050][18:48:05 10.09.2026][App][DEBUG] Down queue:
[3835.400][18:48:07 10.09.2026][App][INFO] Starting move from 3 to 5 ; blocks to pass: 12 direction: fwd
[3846.300][18:48:18 10.09.2026][App][DEBUG] New request {
  action = "DOORS",
  state = "close"
}
[3846.300][18:48:18 10.09.2026][App][DEBUG] Request handled
[3846.300][18:48:18 10.09.2026][App][DEBUG] Up queue:
[3846.300][18:48:18 10.09.2026][App][DEBUG] Down queue:
[3866.150][18:48:37 10.09.2026][App][DEBUG] {
  current_floor_lcu = 0,
  final_limit_lcus = {
    lower = 7,
    upper = 0
  },
  known_ccu = 2,
  known_lcus = {
    {
      computer_id = 7,
      computer_label = "1st floor",
      floor = 1,
      floor_name = "G",
      position = 0
    },
    {
      computer_id = 0,
      computer_label = "5th floor",
      floor = 5,
      floor_name = "5",
      position = 24
    },
    {
      computer_id = 8,
      computer_label = "3rd floor",
      floor = 3,
      floor_name = "3",
      position = 12
    }
  }
}
[3866.650][18:48:38 10.09.2026][App][INFO] Pre ready
[3866.650][18:48:38 10.09.2026][App][INFO] Checking LCUs for learning
[3866.650][18:48:38 10.09.2026][App][INFO] Ready
[3866.650][18:48:38 10.09.2026][App][INFO] Floor and position restored from memory, position: 24 floor: 5
[3866.650][18:48:38 10.09.2026][App][DEBUG] Scheduler loop
[3870.550][18:48:42 10.09.2026][App][DEBUG] New request {
  action = "HALL CALL",
  direction = "down",
  floor = 5
}
[3870.550][18:48:42 10.09.2026][App][DEBUG] Hall call made when car was there, opening doors
[3870.550][18:48:42 10.09.2026][App][DEBUG] Request handled
[3870.550][18:48:42 10.09.2026][App][DEBUG] Up queue:
[3870.550][18:48:42 10.09.2026][App][DEBUG] Down queue:
[3873.600][18:48:45 10.09.2026][App][DEBUG] New request {
  action = "CAR CALL",
  floor = 3
}
[3873.600][18:48:45 10.09.2026][App][DEBUG] Request handled
[3873.600][18:48:45 10.09.2026][App][DEBUG] Up queue:
[3873.600][18:48:45 10.09.2026][App][DEBUG] Down queue:
[3873.600][18:48:45 10.09.2026][App][DEBUG] CAR CALL | 3
[3875.250][18:48:47 10.09.2026][App][DEBUG] New request {
  action = "CAR CALL",
  floor = 1
}
[3875.250][18:48:47 10.09.2026][App][DEBUG] Request handled
[3875.250][18:48:47 10.09.2026][App][DEBUG] Up queue:
[3875.250][18:48:47 10.09.2026][App][DEBUG] Down queue:
[3875.250][18:48:47 10.09.2026][App][DEBUG] CAR CALL | 3
[3875.250][18:48:47 10.09.2026][App][DEBUG] CAR CALL | 1
[3875.850][18:48:47 10.09.2026][App][DEBUG] New request {
  action = "DOORS",
  state = "close"
}
[3875.850][18:48:47 10.09.2026][App][DEBUG] Request handled
[3875.850][18:48:47 10.09.2026][App][DEBUG] Up queue:
[3875.850][18:48:47 10.09.2026][App][DEBUG] Down queue:
[3875.850][18:48:47 10.09.2026][App][DEBUG] CAR CALL | 3
[3875.850][18:48:47 10.09.2026][App][DEBUG] CAR CALL | 1
[3877.250][18:48:49 10.09.2026][App][INFO] Starting move from 5 to 3 ; blocks to pass: 12 direction: rev
[3888.800][18:49:00 10.09.2026][App][DEBUG] New request {
  action = "HALL CALL",
  direction = "up",
  floor = 3
}
[3888.800][18:49:00 10.09.2026][App][DEBUG] Hall call made when car was there, opening doors
[3888.800][18:49:00 10.09.2026][App][DEBUG] Request handled
[3888.800][18:49:00 10.09.2026][App][DEBUG] Up queue:
[3888.800][18:49:00 10.09.2026][App][DEBUG] Down queue:
[3888.800][18:49:00 10.09.2026][App][DEBUG] CAR CALL | 1
[3899.450][18:49:11 10.09.2026][App][INFO] Starting move from 3 to 1 ; blocks to pass: 12 direction: rev
[3900.250][18:49:12 10.09.2026][App][DEBUG] New request {
  action = "HALL CALL",
  direction = "up",
  floor = 3
}
[3900.250][18:49:12 10.09.2026][App][DEBUG] Request handled
[3900.250][18:49:12 10.09.2026][App][DEBUG] Up queue:
[3900.250][18:49:12 10.09.2026][App][DEBUG] HALL CALL | 3
[3900.250][18:49:12 10.09.2026][App][DEBUG] Down queue:
[3911.300][18:49:23 10.09.2026][App][DEBUG] New request {
  action = "DOORS",
  state = "close"
}
[3911.300][18:49:23 10.09.2026][App][DEBUG] Request handled
[3911.300][18:49:23 10.09.2026][App][DEBUG] Up queue:
[3911.300][18:49:23 10.09.2026][App][DEBUG] HALL CALL | 3
[3911.300][18:49:23 10.09.2026][App][DEBUG] Down queue:
[3912.650][18:49:24 10.09.2026][App][INFO] Starting move from 1 to 3 ; blocks to pass: 12 direction: fwd
[3922.550][18:49:34 10.09.2026][App][DEBUG] New request {
  action = "HALL CALL",
  direction = "up",
  floor = 5
}
[3922.550][18:49:34 10.09.2026][App][DEBUG] Request handled
[3922.550][18:49:34 10.09.2026][App][DEBUG] Up queue:
[3922.550][18:49:34 10.09.2026][App][DEBUG] HALL CALL | 5
[3922.550][18:49:34 10.09.2026][App][DEBUG] Down queue:
[3926.600][18:49:38 10.09.2026][App][DEBUG] New request {
  action = "DOORS",
  state = "close"
}
[3926.600][18:49:38 10.09.2026][App][DEBUG] Request handled
[3926.600][18:49:38 10.09.2026][App][DEBUG] Up queue:
[3926.600][18:49:38 10.09.2026][App][DEBUG] HALL CALL | 5
[3926.600][18:49:38 10.09.2026][App][DEBUG] Down queue:
[3927.950][18:49:39 10.09.2026][App][INFO] Starting move from 3 to 5 ; blocks to pass: 12 direction: fwd
[3945.700][18:49:58 10.09.2026][App][DEBUG] New request {
  action = "HALL CALL",
  direction = "up",
  floor = 5
}
[3945.700][18:49:58 10.09.2026][App][DEBUG] Hall call made when car was there, opening doors
[3945.700][18:49:58 10.09.2026][App][DEBUG] Request handled
[3945.700][18:49:58 10.09.2026][App][DEBUG] Up queue:
[3945.700][18:49:58 10.09.2026][App][DEBUG] Down queue:
[3946.400][18:49:59 10.09.2026][App][DEBUG] New request {
  action = "HALL CALL",
  direction = "down",
  floor = 5
}
[3946.400][18:49:59 10.09.2026][App][DEBUG] Hall call made when car was there, opening doors
[3946.400][18:49:59 10.09.2026][App][DEBUG] Request handled
[3946.400][18:49:59 10.09.2026][App][DEBUG] Up queue:
[3946.400][18:49:59 10.09.2026][App][DEBUG] Down queue:
[3946.650][18:49:59 10.09.2026][App][DEBUG] New request {
  action = "HALL CALL",
  direction = "up",
  floor = 5
}
[3946.650][18:49:59 10.09.2026][App][DEBUG] Hall call made when car was there, opening doors
[3946.650][18:49:59 10.09.2026][App][DEBUG] Request handled
[3946.650][18:49:59 10.09.2026][App][DEBUG] Up queue:
[3946.650][18:49:59 10.09.2026][App][DEBUG] Down queue:
[3947.000][18:50:00 10.09.2026][App][DEBUG] New request {
  action = "HALL CALL",
  direction = "down",
  floor = 5
}
[3947.000][18:50:00 10.09.2026][App][DEBUG] Hall call made when car was there, opening doors
[3947.000][18:50:00 10.09.2026][App][DEBUG] Request handled
[3947.000][18:50:00 10.09.2026][App][DEBUG] Up queue:
[3947.000][18:50:00 10.09.2026][App][DEBUG] Down queue:
[3947.200][18:50:00 10.09.2026][App][DEBUG] New request {
  action = "HALL CALL",
  direction = "up",
  floor = 5
}
[3947.200][18:50:00 10.09.2026][App][DEBUG] Hall call made when car was there, opening doors
[3947.200][18:50:00 10.09.2026][App][DEBUG] Request handled
[3947.200][18:50:00 10.09.2026][App][DEBUG] Up queue:
[3947.200][18:50:00 10.09.2026][App][DEBUG] Down queue:
[3947.400][18:50:00 10.09.2026][App][DEBUG] New request {
  action = "HALL CALL",
  direction = "down",
  floor = 5
}
[3947.400][18:50:00 10.09.2026][App][DEBUG] Hall call made when car was there, opening doors
[3947.400][18:50:00 10.09.2026][App][DEBUG] Request handled
[3947.400][18:50:00 10.09.2026][App][DEBUG] Up queue:
[3947.400][18:50:00 10.09.2026][App][DEBUG] Down queue:
[3947.550][18:50:00 10.09.2026][App][DEBUG] New request {
  action = "HALL CALL",
  direction = "up",
  floor = 5
}
[3947.550][18:50:00 10.09.2026][App][DEBUG] Hall call made when car was there, opening doors
[3947.550][18:50:00 10.09.2026][App][DEBUG] Request handled
[3947.550][18:50:00 10.09.2026][App][DEBUG] Up queue:
[3947.550][18:50:00 10.09.2026][App][DEBUG] Down queue:
[3950.150][18:50:03 10.09.2026][App][DEBUG] New request {
  action = "CAR CALL",
  floor = 5
}
[3950.150][18:50:03 10.09.2026][App][DEBUG] Request handled
[3950.150][18:50:03 10.09.2026][App][DEBUG] Up queue:
[3950.150][18:50:03 10.09.2026][App][DEBUG] Down queue:
[3950.850][18:50:04 10.09.2026][App][DEBUG] New request {
  action = "CAR CALL",
  floor = 3
}
[3950.850][18:50:04 10.09.2026][App][DEBUG] Request handled
[3950.850][18:50:04 10.09.2026][App][DEBUG] Up queue:
[3950.850][18:50:04 10.09.2026][App][DEBUG] Down queue:
[3950.850][18:50:04 10.09.2026][App][DEBUG] CAR CALL | 3
[3951.250][18:50:04 10.09.2026][App][DEBUG] New request {
  action = "CAR CALL",
  floor = 1
}
[3951.250][18:50:04 10.09.2026][App][DEBUG] Request handled
[3951.250][18:50:04 10.09.2026][App][DEBUG] Up queue:
[3951.250][18:50:04 10.09.2026][App][DEBUG] Down queue:
[3951.250][18:50:04 10.09.2026][App][DEBUG] CAR CALL | 3
[3951.250][18:50:04 10.09.2026][App][DEBUG] CAR CALL | 1
[3952.050][18:50:05 10.09.2026][App][DEBUG] New request {
  action = "DOORS",
  state = "close"
}
[3952.050][18:50:05 10.09.2026][App][DEBUG] Request handled
[3952.050][18:50:05 10.09.2026][App][DEBUG] Up queue:
[3952.050][18:50:05 10.09.2026][App][DEBUG] Down queue:
[3952.050][18:50:05 10.09.2026][App][DEBUG] CAR CALL | 3
[3952.050][18:50:05 10.09.2026][App][DEBUG] CAR CALL | 1
[3953.400][18:50:06 10.09.2026][App][INFO] Starting move from 5 to 3 ; blocks to pass: 12 direction: rev
[3962.000][18:50:15 10.09.2026][App][DEBUG] New request {
  action = "DOORS",
  state = "close"
}
[3962.000][18:50:15 10.09.2026][App][DEBUG] Request handled
[3962.000][18:50:15 10.09.2026][App][DEBUG] Up queue:
[3962.000][18:50:15 10.09.2026][App][DEBUG] Down queue:
[3962.000][18:50:15 10.09.2026][App][DEBUG] CAR CALL | 1
[3963.400][18:50:16 10.09.2026][App][INFO] Starting move from 3 to 1 ; blocks to pass: 12 direction: rev
[3972.000][18:50:25 10.09.2026][App][DEBUG] New request {
  action = "DOORS",
  state = "close"
}
[3972.000][18:50:25 10.09.2026][App][DEBUG] Request handled
[3972.000][18:50:25 10.09.2026][App][DEBUG] Up queue:
[3972.000][18:50:25 10.09.2026][App][DEBUG] Down queue:
[3980.800][18:50:33 10.09.2026][App][DEBUG] New request {
  action = "CAR CALL",
  floor = 5
}
[3980.800][18:50:33 10.09.2026][App][DEBUG] Request handled
[3980.800][18:50:33 10.09.2026][App][DEBUG] Up queue:
[3980.800][18:50:33 10.09.2026][App][DEBUG] CAR CALL | 5
[3980.800][18:50:33 10.09.2026][App][DEBUG] Down queue:
[3980.900][18:50:34 10.09.2026][App][INFO] Starting move from 1 to 5 ; blocks to pass: 24 direction: fwd
[4015.700][18:51:08 10.09.2026][App][DEBUG] {
  current_floor_lcu = 0,
  final_limit_lcus = {
    lower = 7,
    upper = 0
  },
  known_ccu = 2,
  known_lcus = {
    {
      computer_id = 7,
      computer_label = "1st floor",
      floor = 1,
      floor_name = "G",
      position = 0
    },
    {
      computer_id = 0,
      computer_label = "5th floor",
      floor = 5,
      floor_name = "5",
      position = 24
    },
    {
      computer_id = 8,
      computer_label = "3rd floor",
      floor = 3,
      floor_name = "3",
      position = 12
    }
  }
}
[4016.700][18:51:09 10.09.2026][App][INFO] Pre ready
[4016.700][18:51:09 10.09.2026][App][INFO] Checking LCUs for learning
[4016.700][18:51:09 10.09.2026][App][INFO] Ready
[4016.700][18:51:09 10.09.2026][App][INFO] Floor and position restored from memory, position: 24 floor: 5
[4016.700][18:51:09 10.09.2026][App][DEBUG] Scheduler loop
[4017.800][18:51:10 10.09.2026][App][DEBUG] New request {
  action = "CAR CALL",
  floor = 5
}
[4017.800][18:51:10 10.09.2026][App][DEBUG] Request handled
[4017.800][18:51:10 10.09.2026][App][DEBUG] Up queue:
[4017.800][18:51:10 10.09.2026][App][DEBUG] Down queue:
[4019.750][18:51:12 10.09.2026][App][DEBUG] New request {
  action = "CAR CALL",
  floor = 5
}
[4019.750][18:51:12 10.09.2026][App][DEBUG] Request handled
[4019.750][18:51:12 10.09.2026][App][DEBUG] Up queue:
[4019.750][18:51:12 10.09.2026][App][DEBUG] Down queue:
[4019.900][18:51:13 10.09.2026][App][DEBUG] New request {
  action = "CAR CALL",
  floor = 5
}
[4019.900][18:51:13 10.09.2026][App][DEBUG] Request handled
[4019.900][18:51:13 10.09.2026][App][DEBUG] Up queue:
[4019.900][18:51:13 10.09.2026][App][DEBUG] Down queue:
[4020.950][18:51:14 10.09.2026][App][DEBUG] New request {
  action = "CAR CALL",
  floor = 3
}
[4020.950][18:51:14 10.09.2026][App][DEBUG] Request handled
[4020.950][18:51:14 10.09.2026][App][DEBUG] Up queue:
[4020.950][18:51:14 10.09.2026][App][DEBUG] Down queue:
[4020.950][18:51:14 10.09.2026][App][DEBUG] CAR CALL | 3
[4021.000][18:51:14 10.09.2026][App][INFO] Starting move from 5 to 3 ; blocks to pass: 12 direction: rev
[4024.950][18:51:18 10.09.2026][App][DEBUG] New request {
  action = "HALL CALL",
  direction = "up",
  floor = 3
}
[4024.950][18:51:18 10.09.2026][App][DEBUG] Request handled
[4024.950][18:51:18 10.09.2026][App][DEBUG] Up queue:
[4024.950][18:51:18 10.09.2026][App][DEBUG] HALL CALL | 3
[4024.950][18:51:18 10.09.2026][App][DEBUG] Down queue:
[4025.200][18:51:18 10.09.2026][App][DEBUG] New request {
  action = "HALL CALL",
  direction = "up",
  floor = 3
}
[4025.200][18:51:18 10.09.2026][App][DEBUG] Request handled
[4025.200][18:51:18 10.09.2026][App][DEBUG] Up queue:
[4025.200][18:51:18 10.09.2026][App][DEBUG] HALL CALL | 3
[4025.200][18:51:18 10.09.2026][App][DEBUG] Down queue:
[4038.000][18:51:31 10.09.2026][App][INFO] Starting move from 3 to 3 ; blocks to pass: 0 direction: rev
[4121.050][18:52:54 10.09.2026][App][DEBUG] New request {
  action = "HALL CALL",
  direction = "up",
  floor = 5
}
[4121.050][18:52:54 10.09.2026][App][DEBUG] Request handled
[4121.050][18:52:54 10.09.2026][App][DEBUG] Up queue:
[4121.050][18:52:54 10.09.2026][App][DEBUG] HALL CALL | 5
[4121.050][18:52:54 10.09.2026][App][DEBUG] Down queue:
[4121.100][18:52:54 10.09.2026][App][INFO] Starting move from 3 to 5 ; blocks to pass: 12 direction: fwd
[4131.550][18:53:04 10.09.2026][App][DEBUG] New request {
  action = "DOORS",
  state = "close"
}
[4131.550][18:53:04 10.09.2026][App][DEBUG] Request handled
[4131.550][18:53:04 10.09.2026][App][DEBUG] Up queue:
[4131.550][18:53:04 10.09.2026][App][DEBUG] Down queue:
[4135.500][18:53:08 10.09.2026][App][DEBUG] {
  current_floor_lcu = 0,
  final_limit_lcus = {
    lower = 7,
    upper = 0
  },
  known_ccu = 2,
  known_lcus = {
    {
      computer_id = 7,
      computer_label = "1st floor",
      floor = 1,
      floor_name = "G",
      position = 0
    },
    {
      computer_id = 0,
      computer_label = "5th floor",
      floor = 5,
      floor_name = "5",
      position = 24
    },
    {
      computer_id = 8,
      computer_label = "3rd floor",
      floor = 3,
      floor_name = "3",
      position = 12
    }
  }
}
[4135.900][18:53:09 10.09.2026][App][INFO] Pre ready
[4135.900][18:53:09 10.09.2026][App][INFO] Checking LCUs for learning
[4135.900][18:53:09 10.09.2026][App][INFO] Ready
[4135.900][18:53:09 10.09.2026][App][INFO] Floor and position restored from memory, position: 24 floor: 5
[4135.900][18:53:09 10.09.2026][App][DEBUG] Scheduler loop
[4140.650][18:53:13 10.09.2026][App][DEBUG] New request {
  action = "CAR CALL",
  floor = 1
}
[4140.650][18:53:13 10.09.2026][App][DEBUG] Request handled
[4140.650][18:53:13 10.09.2026][App][DEBUG] Up queue:
[4140.650][18:53:13 10.09.2026][App][DEBUG] Down queue:
[4140.650][18:53:13 10.09.2026][App][DEBUG] CAR CALL | 1
[4140.700][18:53:13 10.09.2026][App][INFO] Starting move from 5 to 1 ; blocks to pass: 24 direction: rev
[4144.100][18:53:17 10.09.2026][App][DEBUG] New request {
  action = "HALL CALL",
  direction = "up",
  floor = 1
}
[4144.100][18:53:17 10.09.2026][App][DEBUG] Request handled
[4144.100][18:53:17 10.09.2026][App][DEBUG] Up queue:
[4144.100][18:53:17 10.09.2026][App][DEBUG] Down queue:
[4154.600][18:53:27 10.09.2026][App][DEBUG] New request {
  action = "CAR CALL",
  floor = 3
}
[4154.600][18:53:27 10.09.2026][App][DEBUG] Request handled
[4154.600][18:53:27 10.09.2026][App][DEBUG] Up queue:
[4154.600][18:53:27 10.09.2026][App][DEBUG] CAR CALL | 3
[4154.600][18:53:27 10.09.2026][App][DEBUG] Down queue:
[4154.850][18:53:28 10.09.2026][App][DEBUG] New request {
  action = "CAR CALL",
  floor = 5
}
[4154.850][18:53:28 10.09.2026][App][DEBUG] Request handled
[4154.850][18:53:28 10.09.2026][App][DEBUG] Up queue:
[4154.850][18:53:28 10.09.2026][App][DEBUG] CAR CALL | 3
[4154.850][18:53:28 10.09.2026][App][DEBUG] CAR CALL | 5
[4154.850][18:53:28 10.09.2026][App][DEBUG] Down queue:
[4155.700][18:53:28 10.09.2026][App][DEBUG] New request {
  action = "DOORS",
  state = "close"
}
[4155.700][18:53:28 10.09.2026][App][DEBUG] Request handled
[4155.700][18:53:28 10.09.2026][App][DEBUG] Up queue:
[4155.700][18:53:28 10.09.2026][App][DEBUG] CAR CALL | 3
[4155.700][18:53:28 10.09.2026][App][DEBUG] CAR CALL | 5
[4155.700][18:53:28 10.09.2026][App][DEBUG] Down queue:
[4157.100][18:53:30 10.09.2026][App][INFO] Starting move from 1 to 3 ; blocks to pass: 12 direction: fwd
[4174.100][18:53:47 10.09.2026][App][INFO] Starting move from 3 to 5 ; blocks to pass: 12 direction: fwd
[4524.250][18:59:37 10.09.2026][App][DEBUG] New request {
  action = "HALL CALL",
  direction = "up",
  floor = 1
}
[4524.250][18:59:37 10.09.2026][App][DEBUG] Request handled
[4524.250][18:59:37 10.09.2026][App][DEBUG] Up queue:
[4524.250][18:59:37 10.09.2026][App][DEBUG] HALL CALL | 1
[4524.250][18:59:37 10.09.2026][App][DEBUG] Down queue:
[4524.300][18:59:37 10.09.2026][App][INFO] Starting move from 5 to 1 ; blocks to pass: 24 direction: rev
[4538.350][18:59:51 10.09.2026][App][DEBUG] New request {
  action = "CAR CALL",
  floor = 3
}
[4538.350][18:59:51 10.09.2026][App][DEBUG] Request handled
[4538.350][18:59:51 10.09.2026][App][DEBUG] Up queue:
[4538.350][18:59:51 10.09.2026][App][DEBUG] CAR CALL | 3
[4538.350][18:59:51 10.09.2026][App][DEBUG] Down queue:
[4538.950][18:59:52 10.09.2026][App][DEBUG] New request {
  action = "CAR CALL",
  floor = 5
}
[4538.950][18:59:52 10.09.2026][App][DEBUG] Request handled
[4538.950][18:59:52 10.09.2026][App][DEBUG] Up queue:
[4538.950][18:59:52 10.09.2026][App][DEBUG] CAR CALL | 3
[4538.950][18:59:52 10.09.2026][App][DEBUG] CAR CALL | 5
[4538.950][18:59:52 10.09.2026][App][DEBUG] Down queue:
[4539.600][18:59:52 10.09.2026][App][DEBUG] New request {
  action = "DOORS",
  state = "close"
}
[4539.600][18:59:52 10.09.2026][App][DEBUG] Request handled
[4539.600][18:59:52 10.09.2026][App][DEBUG] Up queue:
[4539.600][18:59:52 10.09.2026][App][DEBUG] CAR CALL | 3
[4539.600][18:59:52 10.09.2026][App][DEBUG] CAR CALL | 5
[4539.600][18:59:52 10.09.2026][App][DEBUG] Down queue:
[4541.000][18:59:54 10.09.2026][App][INFO] Starting move from 1 to 3 ; blocks to pass: 12 direction: fwd
[4551.400][19:00:04 10.09.2026][App][DEBUG] New request {
  action = "CAR CALL",
  floor = 1
}
[4551.400][19:00:04 10.09.2026][App][DEBUG] Request handled
[4551.400][19:00:04 10.09.2026][App][DEBUG] Up queue:
[4551.400][19:00:04 10.09.2026][App][DEBUG] CAR CALL | 5
[4551.400][19:00:04 10.09.2026][App][DEBUG] Down queue:
[4551.400][19:00:04 10.09.2026][App][DEBUG] CAR CALL | 1
[4552.200][19:00:05 10.09.2026][App][DEBUG] New request {
  action = "CAR CALL",
  floor = 3
}
[4552.200][19:00:05 10.09.2026][App][DEBUG] Request handled
[4552.200][19:00:05 10.09.2026][App][DEBUG] Up queue:
[4552.200][19:00:05 10.09.2026][App][DEBUG] CAR CALL | 5
[4552.200][19:00:05 10.09.2026][App][DEBUG] Down queue:
[4552.200][19:00:05 10.09.2026][App][DEBUG] CAR CALL | 1
[4552.400][19:00:05 10.09.2026][App][DEBUG] New request {
  action = "CAR CALL",
  floor = 3
}
[4552.400][19:00:05 10.09.2026][App][DEBUG] Request handled
[4552.400][19:00:05 10.09.2026][App][DEBUG] Up queue:
[4552.400][19:00:05 10.09.2026][App][DEBUG] CAR CALL | 5
[4552.400][19:00:05 10.09.2026][App][DEBUG] Down queue:
[4552.400][19:00:05 10.09.2026][App][DEBUG] CAR CALL | 1
[4552.550][19:00:05 10.09.2026][App][DEBUG] New request {
  action = "CAR CALL",
  floor = 3
}
[4552.550][19:00:05 10.09.2026][App][DEBUG] Request handled
[4552.550][19:00:05 10.09.2026][App][DEBUG] Up queue:
[4552.550][19:00:05 10.09.2026][App][DEBUG] CAR CALL | 5
[4552.550][19:00:05 10.09.2026][App][DEBUG] Down queue:
[4552.550][19:00:05 10.09.2026][App][DEBUG] CAR CALL | 1
[4552.700][19:00:05 10.09.2026][App][DEBUG] New request {
  action = "CAR CALL",
  floor = 3
}
[4552.700][19:00:05 10.09.2026][App][DEBUG] Request handled
[4552.700][19:00:05 10.09.2026][App][DEBUG] Up queue:
[4552.700][19:00:05 10.09.2026][App][DEBUG] CAR CALL | 5
[4552.700][19:00:05 10.09.2026][App][DEBUG] Down queue:
[4552.700][19:00:05 10.09.2026][App][DEBUG] CAR CALL | 1
[4555.650][19:00:08 10.09.2026][App][DEBUG] New request {
  action = "DOORS",
  state = "close"
}
[4555.650][19:00:08 10.09.2026][App][DEBUG] Request handled
[4555.650][19:00:08 10.09.2026][App][DEBUG] Up queue:
[4555.650][19:00:08 10.09.2026][App][DEBUG] CAR CALL | 5
[4555.650][19:00:08 10.09.2026][App][DEBUG] Down queue:
[4555.650][19:00:08 10.09.2026][App][DEBUG] CAR CALL | 1
[4557.000][19:00:10 10.09.2026][App][INFO] Starting move from 3 to 5 ; blocks to pass: 12 direction: fwd
[4570.750][19:00:23 10.09.2026][App][DEBUG] New request {
  action = "DOORS",
  state = "open"
}
[4570.750][19:00:23 10.09.2026][App][DEBUG] Request handled
[4570.750][19:00:23 10.09.2026][App][DEBUG] Up queue:
[4570.750][19:00:23 10.09.2026][App][DEBUG] Down queue:
[4570.750][19:00:23 10.09.2026][App][DEBUG] CAR CALL | 1
[4573.350][19:00:26 10.09.2026][App][DEBUG] New request {
  action = "DOORS",
  state = "close"
}
[4573.350][19:00:26 10.09.2026][App][DEBUG] Request handled
[4573.350][19:00:26 10.09.2026][App][DEBUG] Up queue:
[4573.350][19:00:26 10.09.2026][App][DEBUG] Down queue:
[4573.350][19:00:26 10.09.2026][App][DEBUG] CAR CALL | 1
[4574.700][19:00:27 10.09.2026][App][INFO] Starting move from 5 to 1 ; blocks to pass: 24 direction: rev
[4647.800][19:01:40 10.09.2026][App][DEBUG] New request {
  action = "CAR CALL",
  floor = 5
}
[4647.800][19:01:40 10.09.2026][App][DEBUG] Request handled
[4647.800][19:01:40 10.09.2026][App][DEBUG] Up queue:
[4647.800][19:01:40 10.09.2026][App][DEBUG] CAR CALL | 5
[4647.800][19:01:40 10.09.2026][App][DEBUG] Down queue:
[4647.900][19:01:41 10.09.2026][App][INFO] Starting move from 1 to 5 ; blocks to pass: 24 direction: fwd
[4692.200][19:02:25 10.09.2026][App][DEBUG] New request {
  action = "HALL CALL",
  direction = "down",
  floor = 5
}
[4692.200][19:02:25 10.09.2026][App][DEBUG] Hall call made when car was there, opening doors
[4692.200][19:02:25 10.09.2026][App][DEBUG] Request handled
[4692.200][19:02:25 10.09.2026][App][DEBUG] Up queue:
[4692.200][19:02:25 10.09.2026][App][DEBUG] Down queue:
[4694.700][19:02:27 10.09.2026][App][DEBUG] New request {
  action = "DOORS",
  state = "close"
}
[4694.700][19:02:27 10.09.2026][App][DEBUG] Request handled
[4694.700][19:02:27 10.09.2026][App][DEBUG] Up queue:
[4694.700][19:02:27 10.09.2026][App][DEBUG] Down queue:
[4696.650][19:02:29 10.09.2026][App][DEBUG] New request {
  action = "DOORS",
  state = "open"
}
[4696.650][19:02:29 10.09.2026][App][DEBUG] Request handled
[4696.650][19:02:29 10.09.2026][App][DEBUG] Up queue:
[4696.650][19:02:29 10.09.2026][App][DEBUG] Down queue:
[4698.500][19:02:31 10.09.2026][App][DEBUG] New request {
  action = "DOORS",
  state = "close"
}
[4698.500][19:02:31 10.09.2026][App][DEBUG] Request handled
[4698.500][19:02:31 10.09.2026][App][DEBUG] Up queue:
[4698.500][19:02:31 10.09.2026][App][DEBUG] Down queue:
[4737.950][19:03:11 10.09.2026][App][DEBUG] New request {
  action = "HALL CALL",
  direction = "down",
  floor = 3
}
[4737.950][19:03:11 10.09.2026][App][DEBUG] Request handled
[4737.950][19:03:11 10.09.2026][App][DEBUG] Up queue:
[4737.950][19:03:11 10.09.2026][App][DEBUG] Down queue:
[4737.950][19:03:11 10.09.2026][App][DEBUG] HALL CALL | 3
[4738.000][19:03:11 10.09.2026][App][INFO] Starting move from 5 to 3 ; blocks to pass: 12 direction: rev
[4758.150][19:03:31 10.09.2026][App][DEBUG] New request {
  action = "HALL CALL",
  direction = "up",
  floor = 1
}
[4758.150][19:03:31 10.09.2026][App][DEBUG] Request handled
[4758.150][19:03:31 10.09.2026][App][DEBUG] Up queue:
[4758.150][19:03:31 10.09.2026][App][DEBUG] HALL CALL | 1
[4758.150][19:03:31 10.09.2026][App][DEBUG] Down queue:
[4758.200][19:03:31 10.09.2026][App][INFO] Starting move from 3 to 1 ; blocks to pass: 12 direction: rev
[4787.150][19:04:00 10.09.2026][App][DEBUG] New request {
  action = "HALL CALL",
  direction = "up",
  floor = 1
}
[4787.150][19:04:00 10.09.2026][App][DEBUG] Hall call made when car was there, opening doors
[4787.150][19:04:00 10.09.2026][App][DEBUG] Request handled
[4787.150][19:04:00 10.09.2026][App][DEBUG] Up queue:
[4787.150][19:04:00 10.09.2026][App][DEBUG] Down queue:
[4790.150][19:04:03 10.09.2026][App][DEBUG] New request {
  action = "CAR CALL",
  floor = 5
}
[4790.150][19:04:03 10.09.2026][App][DEBUG] Request handled
[4790.150][19:04:03 10.09.2026][App][DEBUG] Up queue:
[4790.150][19:04:03 10.09.2026][App][DEBUG] CAR CALL | 5
[4790.150][19:04:03 10.09.2026][App][DEBUG] Down queue:
[4797.800][19:04:10 10.09.2026][App][INFO] Starting move from 1 to 5 ; blocks to pass: 24 direction: fwd
[207.400][21:08:53 10.09.2026][App][DEBUG] {
  current_floor_lcu = 0,
  final_limit_lcus = {
    lower = 7,
    upper = 0
  },
  known_ccu = 2,
  known_lcus = {
    {
      computer_id = 7,
      computer_label = "1st floor",
      floor = 1,
      floor_name = "G",
      position = 0
    },
    {
      computer_id = 0,
      computer_label = "5th floor",
      floor = 5,
      floor_name = "5",
      position = 24
    },
    {
      computer_id = 8,
      computer_label = "3rd floor",
      floor = 3,
      floor_name = "3",
      position = 12
    }
  }
}
[208.400][21:08:54 10.09.2026][App][INFO] Pre ready
[208.400][21:08:54 10.09.2026][App][INFO] Checking LCUs for learning
[208.400][21:08:54 10.09.2026][App][INFO] Ready
[208.400][21:08:54 10.09.2026][App][INFO] Floor and position restored from memory, position: 24 floor: 5
[208.400][21:08:54 10.09.2026][App][DEBUG] Scheduler loop
[229.350][21:09:14 10.09.2026][App][DEBUG] {
  current_floor_lcu = 0,
  final_limit_lcus = {
    lower = 7,
    upper = 0
  },
  known_ccu = 2,
  known_lcus = {
    {
      computer_id = 7,
      computer_label = "1st floor",
      floor = 1,
      floor_name = "G",
      position = 0
    },
    {
      computer_id = 0,
      computer_label = "5th floor",
      floor = 5,
      floor_name = "5",
      position = 24
    },
    {
      computer_id = 8,
      computer_label = "3rd floor",
      floor = 3,
      floor_name = "3",
      position = 12
    }
  }
}
[229.850][21:09:15 10.09.2026][App][INFO] Pre ready
[229.850][21:09:15 10.09.2026][App][INFO] Checking LCUs for learning
[229.850][21:09:15 10.09.2026][App][INFO] Ready
[229.850][21:09:15 10.09.2026][App][INFO] Floor and position restored from memory, position: 24 floor: 5
[229.850][21:09:15 10.09.2026][App][DEBUG] Scheduler loop
[275.800][21:10:01 10.09.2026][App][DEBUG] {
  current_floor_lcu = 0,
  final_limit_lcus = {
    lower = 7,
    upper = 0
  },
  known_ccu = 2,
  known_lcus = {
    {
      computer_id = 7,
      computer_label = "1st floor",
      floor = 1,
      floor_name = "G",
      position = 0
    },
    {
      computer_id = 0,
      computer_label = "5th floor",
      floor = 5,
      floor_name = "5",
      position = 24
    },
    {
      computer_id = 8,
      computer_label = "3rd floor",
      floor = 3,
      floor_name = "3",
      position = 12
    }
  }
}
[276.750][21:10:02 10.09.2026][App][INFO] Pre ready
[276.750][21:10:02 10.09.2026][App][INFO] Checking LCUs for learning
[276.750][21:10:02 10.09.2026][App][INFO] Ready
[276.750][21:10:02 10.09.2026][App][INFO] Floor and position restored from memory, position: 24 floor: 5
[276.750][21:10:02 10.09.2026][App][DEBUG] Scheduler loop
[287.500][21:10:13 10.09.2026][App][DEBUG] New request {
  action = "HALL CALL",
  direction = "down",
  floor = 5
}
[287.500][21:10:13 10.09.2026][App][DEBUG] Hall call made when car was there, opening doors
[287.500][21:10:13 10.09.2026][App][DEBUG] Request handled
[287.500][21:10:13 10.09.2026][App][DEBUG] Up queue:
[287.500][21:10:13 10.09.2026][App][DEBUG] Down queue:
[290.300][21:10:15 10.09.2026][App][DEBUG] New request {
  action = "CAR CALL",
  floor = 3
}
[290.300][21:10:15 10.09.2026][App][DEBUG] Request handled
[290.300][21:10:15 10.09.2026][App][DEBUG] Up queue:
[290.300][21:10:15 10.09.2026][App][DEBUG] Down queue:
[290.300][21:10:15 10.09.2026][App][DEBUG] CAR CALL | 3
[290.950][21:10:16 10.09.2026][App][DEBUG] New request {
  action = "DOORS",
  state = "close"
}
[290.950][21:10:16 10.09.2026][App][DEBUG] Request handled
[290.950][21:10:16 10.09.2026][App][DEBUG] Up queue:
[290.950][21:10:16 10.09.2026][App][DEBUG] Down queue:
[290.950][21:10:16 10.09.2026][App][DEBUG] CAR CALL | 3
[292.350][21:10:17 10.09.2026][App][INFO] Starting move from 5 to 3 ; blocks to pass: 12 direction: rev
[343.400][21:11:09 10.09.2026][App][DEBUG] New request {
  action = "HALL CALL",
  direction = "up",
  floor = 3
}
[343.400][21:11:09 10.09.2026][App][DEBUG] Hall call made when car was there, opening doors
[343.400][21:11:09 10.09.2026][App][DEBUG] Request handled
[343.400][21:11:09 10.09.2026][App][DEBUG] Up queue:
[343.400][21:11:09 10.09.2026][App][DEBUG] Down queue:
[345.550][21:11:11 10.09.2026][App][DEBUG] New request {
  action = "CAR CALL",
  floor = 5
}
[345.550][21:11:11 10.09.2026][App][DEBUG] Request handled
[345.550][21:11:11 10.09.2026][App][DEBUG] Up queue:
[345.550][21:11:11 10.09.2026][App][DEBUG] CAR CALL | 5
[345.550][21:11:11 10.09.2026][App][DEBUG] Down queue:
[346.250][21:11:11 10.09.2026][App][DEBUG] New request {
  action = "DOORS",
  state = "close"
}
[346.250][21:11:11 10.09.2026][App][DEBUG] Request handled
[346.250][21:11:11 10.09.2026][App][DEBUG] Up queue:
[346.250][21:11:11 10.09.2026][App][DEBUG] CAR CALL | 5
[346.250][21:11:11 10.09.2026][App][DEBUG] Down queue:
[347.650][21:11:13 10.09.2026][App][INFO] Starting move from 3 to 5 ; blocks to pass: 12 direction: fwd
[457.400][21:13:03 10.09.2026][App][DEBUG] {
  current_floor_lcu = 0,
  final_limit_lcus = {
    lower = 7,
    upper = 0
  },
  known_ccu = 2,
  known_lcus = {
    {
      computer_id = 7,
      computer_label = "1st floor",
      floor = 1,
      floor_name = "G",
      position = 0
    },
    {
      computer_id = 0,
      computer_label = "5th floor",
      floor = 5,
      floor_name = "5",
      position = 24
    },
    {
      computer_id = 8,
      computer_label = "3rd floor",
      floor = 3,
      floor_name = "3",
      position = 12
    }
  }
}
[457.750][21:13:03 10.09.2026][App][INFO] Pre ready
[457.750][21:13:03 10.09.2026][App][INFO] Checking LCUs for learning
[457.750][21:13:03 10.09.2026][App][INFO] Ready
[457.750][21:13:03 10.09.2026][App][INFO] Floor and position restored from memory, position: 24 floor: 5
[457.750][21:13:03 10.09.2026][App][DEBUG] Scheduler loop
[460.750][21:13:06 10.09.2026][App][DEBUG] New request {
  action = "CAR CALL",
  floor = 3
}
[460.750][21:13:06 10.09.2026][App][DEBUG] Request handled
[460.750][21:13:06 10.09.2026][App][DEBUG] Up queue:
[460.750][21:13:06 10.09.2026][App][DEBUG] Down queue:
[460.750][21:13:06 10.09.2026][App][DEBUG] CAR CALL | 3
[460.850][21:13:06 10.09.2026][App][INFO] Starting move from 5 to 3 ; blocks to pass: 12 direction: rev
[495.800][21:13:41 10.09.2026][App][DEBUG] {
  current_floor_lcu = 8,
  final_limit_lcus = {
    lower = 7,
    upper = 0
  },
  known_ccu = 2,
  known_lcus = {
    {
      computer_id = 7,
      computer_label = "1st floor",
      floor = 1,
      floor_name = "G",
      position = 0
    },
    {
      computer_id = 0,
      computer_label = "5th floor",
      floor = 5,
      floor_name = "5",
      position = 24
    },
    {
      computer_id = 8,
      computer_label = "3rd floor",
      floor = 3,
      floor_name = "3",
      position = 12
    }
  }
}
[496.000][21:13:41 10.09.2026][App][INFO] Pre ready
[496.000][21:13:41 10.09.2026][App][INFO] Checking LCUs for learning
[496.000][21:13:41 10.09.2026][App][INFO] Ready
[496.000][21:13:41 10.09.2026][App][INFO] Floor and position restored from memory, position: 12 floor: 3
[496.000][21:13:41 10.09.2026][App][DEBUG] Scheduler loop
[500.450][21:13:46 10.09.2026][App][DEBUG] New request {
  action = "HALL CALL",
  direction = "down",
  floor = 5
}
[500.450][21:13:46 10.09.2026][App][DEBUG] Request handled
[500.450][21:13:46 10.09.2026][App][DEBUG] Up queue:
[500.450][21:13:46 10.09.2026][App][DEBUG] Down queue:
[500.450][21:13:46 10.09.2026][App][DEBUG] HALL CALL | 5
[500.500][21:13:46 10.09.2026][App][INFO] Starting move from 3 to 5 ; blocks to pass: 12 direction: fwd
[509.650][21:13:55 10.09.2026][App][DEBUG] New request {
  action = "CAR CALL",
  floor = 1
}
[509.650][21:13:55 10.09.2026][App][DEBUG] Request handled
[509.650][21:13:55 10.09.2026][App][DEBUG] Up queue:
[509.650][21:13:55 10.09.2026][App][DEBUG] Down queue:
[509.650][21:13:55 10.09.2026][App][DEBUG] CAR CALL | 1
[510.650][21:13:56 10.09.2026][App][DEBUG] New request {
  action = "DOORS",
  state = "close"
}
[510.650][21:13:56 10.09.2026][App][DEBUG] Request handled
[510.650][21:13:56 10.09.2026][App][DEBUG] Up queue:
[510.650][21:13:56 10.09.2026][App][DEBUG] Down queue:
[510.650][21:13:56 10.09.2026][App][DEBUG] CAR CALL | 1
[512.000][21:13:57 10.09.2026][App][INFO] Starting move from 5 to 1 ; blocks to pass: 24 direction: rev
